"manager_id","team_leader_id","period_month","plan_revenue","plan_margin","fact_revenue","fact_margin","unique_clients","avg_client_check","category","article","product_name"
M01,TL03,"2025-01",442177,67973,9834,678.0000,1,9834.00,Аксессуары,ART0008,Товар 8
M01,TL03,"2025-01",442177,67973,56316,10900.0000,1,56316.00,Одежда,ART0019,Товар 19
M01,TL03,"2025-01",442177,67973,57770,14029.0000,1,57770.00,Товары для дома,ART0029,Товар 29
M01,TL03,"2025-02",396047,87416,0,488.0000,1,0.00,Аксессуары,ART0003,Товар 3
M01,TL03,"2025-02",396047,87416,17770,4765.0000,1,17770.00,Аксессуары,ART0026,Товар 26
M01,TL03,"2025-02",396047,87416,27032,5866.4000,1,27032.00,Обувь,ART0006,Товар 6
M01,TL03,"2025-02",396047,87416,0,5437.0000,1,0.00,Обувь,ART0014,Товар 14
M01,TL03,"2025-02",396047,87416,0,1374.0000,1,0.00,Обувь,ART0016,Товар 16
M01,TL03,"2025-02",396047,87416,14112,3615.0000,2,7056.00,Обувь,ART0021,Товар 21
M01,TL03,"2025-02",396047,87416,5105,306.0000,1,5105.00,Одежда,ART0024,Товар 24
M01,TL03,"2025-02",396047,87416,9268,2939.0000,1,9268.00,Товары для дома,ART0011,Товар 11
M01,TL03,"2025-02",396047,87416,28548,6139.0000,1,28548.00,Товары для дома,ART0017,Товар 17
M01,TL03,"2025-02",396047,87416,6412,1524.0000,1,6412.00,Товары для дома,ART0020,Товар 20
M01,TL03,"2025-02",396047,87416,52420,9369.0000,1,52420.00,Электроника,ART0004,Товар 4
M01,TL03,"2025-02",396047,87416,24748,10180.0000,2,12374.00,Электроника,ART0010,Товар 10
M01,TL03,"2025-02",396047,87416,14732,912.0000,1,14732.00,Электроника,ART0013,Товар 13
M01,TL03,"2025-03",410993,63337,29200,1764.0000,1,29200.00,Аксессуары,ART0026,Товар 26
M01,TL03,"2025-03",410993,63337,12515,3056.0000,1,12515.00,Товары для дома,ART0001,Товар 1
M01,TL03,"2025-03",410993,63337,8488,1352.0000,1,8488.00,Товары для дома,ART0011,Товар 11
M01,TL03,"2025-03",410993,63337,25425,6129.0000,1,25425.00,Товары для дома,ART0020,Товар 20
M01,TL03,"2025-03",410993,63337,82615,8234.0000,1,82615.00,Электроника,ART0004,Товар 4
M01,TL03,"2025-03",410993,63337,14390,1907.0000,1,14390.00,Электроника,ART0005,Товар 5
M01,TL03,"2025-03",410993,63337,35148,11596.0000,1,35148.00,Электроника,ART0010,Товар 10
M01,TL03,"2025-03",410993,63337,25212,8388.0000,1,25212.00,Электроника,ART0018,Товар 18
M01,TL03,"2025-04",181000,41569,1158,291.2500,1,1158.00,Аксессуары,ART0003,Товар 3
M01,TL03,"2025-04",181000,41569,37685,3806.0000,1,37685.00,Аксессуары,ART0007,Товар 7
M01,TL03,"2025-04",181000,41569,18182,2050.0000,2,9091.00,Аксессуары,ART0008,Товар 8
M01,TL03,"2025-04",181000,41569,4359,752.0000,1,4359.00,Обувь,ART0006,Товар 6
M01,TL03,"2025-04",181000,41569,50035,2992.0000,1,50035.00,Одежда,ART0019,Товар 19
M01,TL03,"2025-04",181000,41569,6306,1326.0000,1,6306.00,Товары для дома,ART0001,Товар 1
M01,TL03,"2025-04",181000,41569,0,2914.0000,1,0.00,Товары для дома,ART0011,Товар 11
M01,TL03,"2025-04",181000,41569,33600,4656.0000,1,33600.00,Товары для дома,ART0017,Товар 17
M01,TL03,"2025-04",181000,41569,23124,6987.0000,1,23124.00,Товары для дома,ART0020,Товар 20
M01,TL03,"2025-04",181000,41569,30504,10950.0000,1,30504.00,Электроника,ART0004,Товар 4
M01,TL03,"2025-04",181000,41569,7892,1544.0000,1,7892.00,Электроника,ART0022,Товар 22
M01,TL03,"2025-05",222113,56351,4120,1123.0000,1,4120.00,Аксессуары,ART0003,Товар 3
M01,TL03,"2025-05",222113,56351,31348,2529.0000,2,15674.00,Аксессуары,ART0008,Товар 8
M01,TL03,"2025-05",222113,56351,5509,494.0000,1,5509.00,Аксессуары,ART0026,Товар 26
M01,TL03,"2025-05",222113,56351,0,15228.0000,1,0.00,Аксессуары,ART0027,Товар 27
M01,TL03,"2025-05",222113,56351,5016,1158.0000,1,5016.00,Обувь,ART0006,Товар 6
M01,TL03,"2025-05",222113,56351,2488,526.0000,1,2488.00,Обувь,ART0021,Товар 21
M01,TL03,"2025-05",222113,56351,1046,161.0000,1,1046.00,Одежда,ART0024,Товар 24
M01,TL03,"2025-05",222113,56351,2598,544.0000,1,2598.00,Товары для дома,ART0001,Товар 1
M01,TL03,"2025-05",222113,56351,5335,1516.0000,1,5335.00,Товары для дома,ART0015,Товар 15
M01,TL03,"2025-05",222113,56351,50488,12680.0000,1,50488.00,Электроника,ART0010,Товар 10
M01,TL03,"2025-05",222113,56351,28455,3465.0000,1,28455.00,Электроника,ART0022,Товар 22
M01,TL03,"2025-06",293701,44904,0,1124.0000,1,0.00,Аксессуары,ART0009,Товар 9
M01,TL03,"2025-06",293701,44904,9046,2257.0000,1,9046.00,Обувь,ART0006,Товар 6
M01,TL03,"2025-06",293701,44904,0,0.0000,1,0.00,Обувь,ART0014,Товар 14
M01,TL03,"2025-06",293701,44904,9171,1053.0000,1,9171.00,Обувь,ART0021,Товар 21
M01,TL03,"2025-06",293701,44904,3576,1160.0000,1,3576.00,Одежда,ART0024,Товар 24
M01,TL03,"2025-06",293701,44904,3488,947.0000,1,3488.00,Товары для дома,ART0001,Товар 1
M01,TL03,"2025-06",293701,44904,13018,1528.0000,1,13018.00,Товары для дома,ART0017,Товар 17
M01,TL03,"2025-06",293701,44904,22390,3847.0000,1,22390.00,Товары для дома,ART0023,Товар 23
M01,TL03,"2025-06",293701,44904,13624,4371.0000,1,13624.00,Товары для дома,ART0030,Товар 30
M01,TL03,"2025-07",387478,97876,3432,552.0000,1,3432.00,Аксессуары,ART0003,Товар 3
M01,TL03,"2025-07",387478,97876,16276,4910.0000,1,16276.00,Аксессуары,ART0007,Товар 7
M01,TL03,"2025-07",387478,97876,10224,1860.0000,1,10224.00,Аксессуары,ART0008,Товар 8
M01,TL03,"2025-07",387478,97876,7958,1823.0000,1,7958.00,Аксессуары,ART0012,Товар 12
M01,TL03,"2025-07",387478,97876,50364,12837.0000,2,25182.00,Аксессуары,ART0027,Товар 27
M01,TL03,"2025-07",387478,97876,46143,2698.0000,1,46143.00,Обувь,ART0016,Товар 16
M01,TL03,"2025-07",387478,97876,2118,601.0000,1,2118.00,Обувь,ART0021,Товар 21
M01,TL03,"2025-07",387478,97876,27636,8994.0000,1,27636.00,Одежда,ART0019,Товар 19
M01,TL03,"2025-07",387478,97876,10375,1590.0000,1,10375.00,Товары для дома,ART0015,Товар 15
M01,TL03,"2025-07",387478,97876,8584,1955.0000,1,8584.00,Товары для дома,ART0017,Товар 17
M01,TL03,"2025-07",387478,97876,0,20109.0000,1,0.00,Товары для дома,ART0029,Товар 29
M01,TL03,"2025-07",387478,97876,27355,4555.0000,1,27355.00,Электроника,ART0005,Товар 5
M01,TL03,"2025-07",387478,97876,12000,1408.0000,1,12000.00,Электроника,ART0022,Товар 22
M01,TL03,"2025-08",276956,72169,0,7956.0000,1,0.00,Аксессуары,ART0007,Товар 7
M01,TL03,"2025-08",276956,72169,72464,19836.0000,1,72464.00,Аксессуары,ART0027,Товар 27
M01,TL03,"2025-08",276956,72169,25440,5271.0000,1,25440.00,Обувь,ART0006,Товар 6
M01,TL03,"2025-08",276956,72169,21018,3324.0000,1,21018.00,Одежда,ART0019,Товар 19
M01,TL03,"2025-08",276956,72169,8536,1200.0000,1,8536.00,Товары для дома,ART0011,Товар 11
M01,TL03,"2025-08",276956,72169,0,640.0000,1,0.00,Товары для дома,ART0015,Товар 15
M01,TL03,"2025-08",276956,72169,5455,446.0000,1,5455.00,Товары для дома,ART0017,Товар 17
M01,TL03,"2025-09",376371,89809,22264,7321.0000,1,22264.00,Аксессуары,ART0007,Товар 7
M01,TL03,"2025-09",376371,89809,53324,10088.0000,1,53324.00,Аксессуары,ART0008,Товар 8
M01,TL03,"2025-09",376371,89809,1047,249.0000,1,1047.00,Обувь,ART0021,Товар 21
M01,TL03,"2025-09",376371,89809,15450,2650.0000,1,15450.00,Товары для дома,ART0017,Товар 17
M01,TL03,"2025-09",376371,89809,24992,1255.0000,1,24992.00,Электроника,ART0010,Товар 10
M01,TL03,"2025-10",350544,66476,0,0.0000,0,,,,
M02,TL01,"2025-01",249294,62493,20139,4543.0000,1,20139.00,Аксессуары,ART0007,Товар 7
M02,TL01,"2025-01",249294,62493,0,0.0000,1,0.00,Аксессуары,ART0008,Товар 8
M02,TL01,"2025-01",249294,62493,63232,8004.0000,1,63232.00,Аксессуары,ART0026,Товар 26
M02,TL01,"2025-01",249294,62493,64704,20588.0000,2,32352.00,Аксессуары,ART0027,Товар 27
M02,TL01,"2025-01",249294,62493,38606,8853.0000,2,19303.00,Обувь,ART0014,Товар 14
M02,TL01,"2025-01",249294,62493,92147,14069.0000,2,46073.50,Обувь,ART0016,Товар 16
M02,TL01,"2025-01",249294,62493,3292,509.0000,1,3292.00,Обувь,ART0021,Товар 21
M02,TL01,"2025-01",249294,62493,8030,451.0000,1,8030.00,Обувь,ART0028,Товар 28
M02,TL01,"2025-01",249294,62493,175454,41605.0000,3,58484.67,Одежда,ART0019,Товар 19
M02,TL01,"2025-01",249294,62493,0,227.0000,1,0.00,Одежда,ART0024,Товар 24
M02,TL01,"2025-01",249294,62493,17100,3124.0000,1,17100.00,Одежда,ART0025,Товар 25
M02,TL01,"2025-01",249294,62493,0,695.0000,1,0.00,Товары для дома,ART0001,Товар 1
M02,TL01,"2025-01",249294,62493,0,1619.0000,1,0.00,Товары для дома,ART0015,Товар 15
M02,TL01,"2025-01",249294,62493,57597,13249.0000,4,14399.25,Товары для дома,ART0020,Товар 20
M02,TL01,"2025-01",249294,62493,8596,2056.0000,1,8596.00,Товары для дома,ART0030,Товар 30
M02,TL01,"2025-01",249294,62493,60564,12316.0000,1,60564.00,Электроника,ART0004,Товар 4
M02,TL01,"2025-01",249294,62493,9632,1473.0000,1,9632.00,Электроника,ART0005,Товар 5
M02,TL01,"2025-01",249294,62493,0,14939.0000,1,0.00,Электроника,ART0010,Товар 10
M02,TL01,"2025-01",249294,62493,11440,3398.0000,1,11440.00,Электроника,ART0013,Товар 13
M02,TL01,"2025-01",249294,62493,22800,7259.0000,1,22800.00,Электроника,ART0022,Товар 22
M02,TL01,"2025-02",246155,32379,8907,2469.0000,1,8907.00,Аксессуары,ART0009,Товар 9
M02,TL01,"2025-02",246155,32379,12938,3494.0000,2,6469.00,Аксессуары,ART0012,Товар 12
M02,TL01,"2025-02",246155,32379,30016,4985.0000,1,30016.00,Обувь,ART0016,Товар 16
M02,TL01,"2025-02",246155,32379,72980,20246.0000,1,72980.00,Обувь,ART0028,Товар 28
M02,TL01,"2025-02",246155,32379,23938,6233.0000,1,23938.00,Одежда,ART0019,Товар 19
M02,TL01,"2025-02",246155,32379,38787,6715.0000,3,12929.00,Одежда,ART0025,Товар 25
M02,TL01,"2025-02",246155,32379,9540,3136.0000,1,9540.00,Товары для дома,ART0011,Товар 11
M02,TL01,"2025-02",246155,32379,1330,248.0000,1,1330.00,Товары для дома,ART0015,Товар 15
M02,TL01,"2025-02",246155,32379,22758,4385.0000,1,22758.00,Товары для дома,ART0029,Товар 29
M02,TL01,"2025-02",246155,32379,21735,2627.0000,2,10867.50,Товары для дома,ART0030,Товар 30
M02,TL01,"2025-02",246155,32379,17712,3777.0000,2,8856.00,Электроника,ART0010,Товар 10
M02,TL01,"2025-02",246155,32379,16032,4246.0000,1,16032.00,Электроника,ART0013,Товар 13
M02,TL01,"2025-02",246155,32379,5962,901.0000,1,5962.00,Электроника,ART0022,Товар 22
M02,TL01,"2025-03",419865,96471,22496,6228.0000,1,22496.00,Аксессуары,ART0007,Товар 7
M02,TL01,"2025-03",419865,96471,10773,4069.0000,2,5386.50,Аксессуары,ART0008,Товар 8
M02,TL01,"2025-03",419865,96471,27718,5560.0000,2,13859.00,Аксессуары,ART0009,Товар 9
M02,TL01,"2025-03",419865,96471,10440,2483.0000,2,5220.00,Аксессуары,ART0012,Товар 12
M02,TL01,"2025-03",419865,96471,77595,16645.0000,1,77595.00,Аксессуары,ART0027,Товар 27
M02,TL01,"2025-03",419865,96471,33668,3443.0000,1,33668.00,Обувь,ART0014,Товар 14
M02,TL01,"2025-03",419865,96471,81912,18835.0000,3,27304.00,Обувь,ART0016,Товар 16
M02,TL01,"2025-03",419865,96471,32828,7030.0697,2,16414.00,Обувь,ART0021,Товар 21
M02,TL01,"2025-03",419865,96471,0,772.0000,1,0.00,Обувь,ART0028,Товар 28
M02,TL01,"2025-03",419865,96471,11877,3009.0000,1,11877.00,Одежда,ART0019,Товар 19
M02,TL01,"2025-03",419865,96471,0,202.0000,1,0.00,Одежда,ART0024,Товар 24
M02,TL01,"2025-03",419865,96471,9918,2248.0000,1,9918.00,Одежда,ART0025,Товар 25
M02,TL01,"2025-03",419865,96471,6268,1194.6667,1,6268.00,Товары для дома,ART0011,Товар 11
M02,TL01,"2025-03",419865,96471,0,8961.0000,1,0.00,Товары для дома,ART0017,Товар 17
M02,TL01,"2025-03",419865,96471,15423,17125.5000,2,7711.50,Товары для дома,ART0020,Товар 20
M02,TL01,"2025-03",419865,96471,18269,4856.0000,3,6089.67,Товары для дома,ART0023,Товар 23
M02,TL01,"2025-03",419865,96471,0,4672.0000,1,0.00,Электроника,ART0004,Товар 4
M02,TL01,"2025-03",419865,96471,0,12542.0000,1,0.00,Электроника,ART0010,Товар 10
M02,TL01,"2025-03",419865,96471,52190,8157.0000,1,52190.00,Электроника,ART0018,Товар 18
M02,TL01,"2025-03",419865,96471,54158,11351.0000,2,27079.00,Электроника,ART0022,Товар 22
M02,TL01,"2025-04",261870,32419,9495,1212.0000,1,9495.00,Аксессуары,ART0007,Товар 7
M02,TL01,"2025-04",261870,32419,27116,3631.0000,1,27116.00,Аксессуары,ART0026,Товар 26
M02,TL01,"2025-04",261870,32419,71414,11119.0000,2,35707.00,Аксессуары,ART0027,Товар 27
M02,TL01,"2025-04",261870,32419,7976,1914.0000,1,7976.00,Обувь,ART0006,Товар 6
M02,TL01,"2025-04",261870,32419,48610,8065.0000,1,48610.00,Обувь,ART0016,Товар 16
M02,TL01,"2025-04",261870,32419,32288,7178.0000,1,32288.00,Обувь,ART0028,Товар 28
M02,TL01,"2025-04",261870,32419,27180,9172.0000,1,27180.00,Одежда,ART0019,Товар 19
M02,TL01,"2025-04",261870,32419,24230,2075.0000,1,24230.00,Товары для дома,ART0023,Товар 23
M02,TL01,"2025-04",261870,32419,4518,1248.0000,1,4518.00,Электроника,ART0002,Товар 2
M02,TL01,"2025-04",261870,32419,59950,19291.0000,1,59950.00,Электроника,ART0018,Товар 18
M02,TL01,"2025-05",217714,51097,5420,614.0000,2,2710.00,Аксессуары,ART0003,Товар 3
M02,TL01,"2025-05",217714,51097,30136,8583.0000,2,15068.00,Аксессуары,ART0007,Товар 7
M02,TL01,"2025-05",217714,51097,14400,4894.0000,1,14400.00,Аксессуары,ART0009,Товар 9
M02,TL01,"2025-05",217714,51097,51309,6437.0000,2,25654.50,Аксессуары,ART0012,Товар 12
M02,TL01,"2025-05",217714,51097,34716,3177.0000,1,34716.00,Аксессуары,ART0027,Товар 27
M02,TL01,"2025-05",217714,51097,70910,19383.5734,1,70910.00,Обувь,ART0014,Товар 14
M02,TL01,"2025-05",217714,51097,53635,32252.0000,2,26817.50,Обувь,ART0016,Товар 16
M02,TL01,"2025-05",217714,51097,2166,723.0000,2,1083.00,Обувь,ART0021,Товар 21
M02,TL01,"2025-05",217714,51097,60470,4851.0000,2,30235.00,Одежда,ART0019,Товар 19
M02,TL01,"2025-05",217714,51097,2170,137.0000,1,2170.00,Одежда,ART0024,Товар 24
M02,TL01,"2025-05",217714,51097,3030,547.0000,1,3030.00,Товары для дома,ART0001,Товар 1
M02,TL01,"2025-05",217714,51097,13701,889.0000,1,13701.00,Товары для дома,ART0017,Товар 17
M02,TL01,"2025-05",217714,51097,26840,6308.0000,2,13420.00,Товары для дома,ART0020,Товар 20
M02,TL01,"2025-05",217714,51097,50403,14229.3988,3,16801.00,Товары для дома,ART0023,Товар 23
M02,TL01,"2025-05",217714,51097,31983,6949.0000,2,15991.50,Товары для дома,ART0029,Товар 29
M02,TL01,"2025-05",217714,51097,0,0.0000,1,0.00,Товары для дома,ART0030,Товар 30
M02,TL01,"2025-05",217714,51097,24519,8303.0000,2,12259.50,Электроника,ART0002,Товар 2
M02,TL01,"2025-05",217714,51097,11879,2118.0000,1,11879.00,Электроника,ART0004,Товар 4
M02,TL01,"2025-05",217714,51097,0,2073.0000,1,0.00,Электроника,ART0005,Товар 5
M02,TL01,"2025-05",217714,51097,9411,1123.0000,1,9411.00,Электроника,ART0010,Товар 10
M02,TL01,"2025-05",217714,51097,36040,7110.0000,1,36040.00,Электроника,ART0013,Товар 13
M02,TL01,"2025-05",217714,51097,31578,5877.0000,1,31578.00,Электроника,ART0018,Товар 18
M02,TL01,"2025-05",217714,51097,31655,9850.0000,1,31655.00,Электроника,ART0022,Товар 22
M02,TL01,"2025-06",245166,30906,40322,10124.0000,1,40322.00,Аксессуары,ART0009,Товар 9
M02,TL01,"2025-06",245166,30906,23268,5292.0000,1,23268.00,Аксессуары,ART0012,Товар 12
M02,TL01,"2025-06",245166,30906,10864,1922.0000,2,5432.00,Аксессуары,ART0026,Товар 26
M02,TL01,"2025-06",245166,30906,127158,30308.0000,3,42386.00,Аксессуары,ART0027,Товар 27
M02,TL01,"2025-06",245166,30906,11340,2162.0000,1,11340.00,Обувь,ART0006,Товар 6
M02,TL01,"2025-06",245166,30906,5661,1649.0000,1,5661.00,Обувь,ART0014,Товар 14
M02,TL01,"2025-06",245166,30906,59912,9355.0000,2,29956.00,Обувь,ART0016,Товар 16
M02,TL01,"2025-06",245166,30906,1205,266.5000,1,1205.00,Одежда,ART0024,Товар 24
M02,TL01,"2025-06",245166,30906,3802,2569.0000,3,1267.33,Товары для дома,ART0001,Товар 1
M02,TL01,"2025-06",245166,30906,15270,1793.0000,1,15270.00,Товары для дома,ART0011,Товар 11
M02,TL01,"2025-06",245166,30906,26154,5075.0000,2,13077.00,Товары для дома,ART0023,Товар 23
M02,TL01,"2025-06",245166,30906,92084,13569.0000,2,46042.00,Товары для дома,ART0029,Товар 29
M02,TL01,"2025-06",245166,30906,12385,3010.0000,1,12385.00,Электроника,ART0002,Товар 2
M02,TL01,"2025-06",245166,30906,26758,5105.0000,2,13379.00,Электроника,ART0004,Товар 4
M02,TL01,"2025-06",245166,30906,16228,2121.0000,1,16228.00,Электроника,ART0005,Товар 5
M02,TL01,"2025-06",245166,30906,25859,10586.5000,3,8619.67,Электроника,ART0013,Товар 13
M02,TL01,"2025-06",245166,30906,41265,5056.0000,1,41265.00,Электроника,ART0018,Товар 18
M02,TL01,"2025-06",245166,30906,10294,3411.0000,2,5147.00,Электроника,ART0022,Товар 22
M02,TL01,"2025-07",261992,34509,4385,1009.0000,1,4385.00,Аксессуары,ART0003,Товар 3
M02,TL01,"2025-07",261992,34509,0,1120.0000,1,0.00,Аксессуары,ART0007,Товар 7
M02,TL01,"2025-07",261992,34509,18236,3251.0000,2,9118.00,Аксессуары,ART0009,Товар 9
M02,TL01,"2025-07",261992,34509,0,1808.0000,1,0.00,Аксессуары,ART0026,Товар 26
M02,TL01,"2025-07",261992,34509,29769,7919.0000,2,14884.50,Обувь,ART0006,Товар 6
M02,TL01,"2025-07",261992,34509,0,12738.0000,2,0.00,Обувь,ART0014,Товар 14
M02,TL01,"2025-07",261992,34509,56654,10219.0000,2,28327.00,Обувь,ART0016,Товар 16
M02,TL01,"2025-07",261992,34509,1431,310.0000,1,1431.00,Обувь,ART0021,Товар 21
M02,TL01,"2025-07",261992,34509,0,2755.0000,1,0.00,Одежда,ART0019,Товар 19
M02,TL01,"2025-07",261992,34509,1264,94.0000,1,1264.00,Одежда,ART0024,Товар 24
M02,TL01,"2025-07",261992,34509,6649,335.0000,1,6649.00,Товары для дома,ART0020,Товар 20
M02,TL01,"2025-07",261992,34509,29648,18335.0000,2,14824.00,Товары для дома,ART0029,Товар 29
M02,TL01,"2025-07",261992,34509,18520,5350.0000,1,18520.00,Товары для дома,ART0030,Товар 30
M02,TL01,"2025-07",261992,34509,19896,2368.0000,1,19896.00,Электроника,ART0005,Товар 5
M02,TL01,"2025-07",261992,34509,56795,4922.0000,1,56795.00,Электроника,ART0010,Товар 10
M02,TL01,"2025-07",261992,34509,0,6526.0000,1,0.00,Электроника,ART0013,Товар 13
M02,TL01,"2025-07",261992,34509,25124,5745.0000,2,12562.00,Электроника,ART0018,Товар 18
M02,TL01,"2025-07",261992,34509,110841,18528.0000,3,36947.00,Электроника,ART0022,Товар 22
M02,TL01,"2025-08",421891,62641,29828,5038.0000,1,29828.00,Аксессуары,ART0009,Товар 9
M02,TL01,"2025-08",421891,62641,63625,21381.0000,2,31812.50,Обувь,ART0006,Товар 6
M02,TL01,"2025-08",421891,62641,6150,1556.0000,1,6150.00,Обувь,ART0021,Товар 21
M02,TL01,"2025-08",421891,62641,0,3196.0000,1,0.00,Обувь,ART0028,Товар 28
M02,TL01,"2025-08",421891,62641,4775,305.0000,1,4775.00,Одежда,ART0024,Товар 24
M02,TL01,"2025-08",421891,62641,0,3322.0000,1,0.00,Одежда,ART0025,Товар 25
M02,TL01,"2025-08",421891,62641,5954,1597.0000,1,5954.00,Товары для дома,ART0001,Товар 1
M02,TL01,"2025-08",421891,62641,20709,3925.7500,2,10354.50,Товары для дома,ART0011,Товар 11
M02,TL01,"2025-08",421891,62641,0,467.0000,1,0.00,Товары для дома,ART0017,Товар 17
M02,TL01,"2025-08",421891,62641,33386,15054.0000,3,11128.67,Электроника,ART0004,Товар 4
M02,TL01,"2025-08",421891,62641,25332,6536.0000,2,12666.00,Электроника,ART0005,Товар 5
M02,TL01,"2025-08",421891,62641,61732,20645.0000,2,30866.00,Электроника,ART0010,Товар 10
M02,TL01,"2025-08",421891,62641,24795,7639.0000,1,24795.00,Электроника,ART0013,Товар 13
M02,TL01,"2025-09",281050,45053,3099,523.0000,1,3099.00,Аксессуары,ART0003,Товар 3
M02,TL01,"2025-09",281050,45053,87140,16276.0000,2,43570.00,Аксессуары,ART0007,Товар 7
M02,TL01,"2025-09",281050,45053,3666,790.0000,1,3666.00,Обувь,ART0006,Товар 6
M02,TL01,"2025-09",281050,45053,35940,1982.0000,1,35940.00,Обувь,ART0028,Товар 28
M02,TL01,"2025-09",281050,45053,4423,962.5000,1,4423.00,Одежда,ART0025,Товар 25
M02,TL01,"2025-09",281050,45053,7647,1415.0000,1,7647.00,Товары для дома,ART0001,Товар 1
M02,TL01,"2025-09",281050,45053,0,0.0000,1,0.00,Товары для дома,ART0015,Товар 15
M02,TL01,"2025-09",281050,45053,20485,2367.0000,2,10242.50,Товары для дома,ART0017,Товар 17
M02,TL01,"2025-09",281050,45053,24000,8975.0000,2,12000.00,Электроника,ART0005,Товар 5
M02,TL01,"2025-09",281050,45053,147912,38079.0000,2,73956.00,Электроника,ART0010,Товар 10
M02,TL01,"2025-09",281050,45053,58924,19028.0000,1,58924.00,Электроника,ART0018,Товар 18
M02,TL01,"2025-10",302390,39694,0,0.0000,0,,,,
M03,TL01,"2025-01",279244,70218,0,0.0000,0,,,,
M03,TL01,"2025-02",307691,81771,26885,4383.0000,1,26885.00,Обувь,ART0014,Товар 14
M03,TL01,"2025-02",307691,81771,3310,701.0000,1,3310.00,Товары для дома,ART0011,Товар 11
M03,TL01,"2025-02",307691,81771,5450,823.0000,1,5450.00,Товары для дома,ART0015,Товар 15
M03,TL01,"2025-03",223640,41422,15912,3817.0000,1,15912.00,Обувь,ART0028,Товар 28
M03,TL01,"2025-04",288410,55426,4002,721.0000,1,4002.00,Аксессуары,ART0026,Товар 26
M03,TL01,"2025-04",288410,55426,3432,335.0000,1,3432.00,Обувь,ART0021,Товар 21
M03,TL01,"2025-04",288410,55426,1046,138.0000,1,1046.00,Товары для дома,ART0015,Товар 15
M03,TL01,"2025-05",377681,69762,0,0.0000,0,,,,
M03,TL01,"2025-06",292395,49889,27045,7437.0000,1,27045.00,Аксессуары,ART0007,Товар 7
M03,TL01,"2025-06",292395,49889,18699,5375.0000,1,18699.00,Аксессуары,ART0026,Товар 26
M03,TL01,"2025-06",292395,49889,1536,371.0000,1,1536.00,Товары для дома,ART0001,Товар 1
M03,TL01,"2025-06",292395,49889,13312,1236.0000,1,13312.00,Товары для дома,ART0020,Товар 20
M03,TL01,"2025-07",361158,65846,0,0.0000,0,,,,
M03,TL01,"2025-08",410023,56964,8660,2369.0000,1,8660.00,Аксессуары,ART0012,Товар 12
M03,TL01,"2025-08",410023,56964,31226,7155.0000,1,31226.00,Аксессуары,ART0027,Товар 27
M03,TL01,"2025-08",410023,56964,31064,8399.0000,1,31064.00,Обувь,ART0014,Товар 14
M03,TL01,"2025-08",410023,56964,78355,4377.0000,1,78355.00,Обувь,ART0016,Товар 16
M03,TL01,"2025-08",410023,56964,0,0.0000,1,0.00,Обувь,ART0028,Товар 28
M03,TL01,"2025-08",410023,56964,17016,3133.0000,1,17016.00,Электроника,ART0004,Товар 4
M03,TL01,"2025-08",410023,56964,24765,1282.0000,1,24765.00,Электроника,ART0005,Товар 5
M03,TL01,"2025-08",410023,56964,17559,2932.0000,1,17559.00,Электроника,ART0013,Товар 13
M03,TL01,"2025-08",410023,56964,3311,575.0000,1,3311.00,Электроника,ART0022,Товар 22
M03,TL01,"2025-09",278191,33645,0,0.0000,0,,,,
M03,TL01,"2025-10",431063,101405,0,0.0000,0,,,,
M04,TL03,"2025-01",299728,39000,772,247.5000,1,772.00,Аксессуары,ART0003,Товар 3
M04,TL03,"2025-01",299728,39000,0,5451.0000,1,0.00,Аксессуары,ART0007,Товар 7
M04,TL03,"2025-01",299728,39000,30865,1882.0000,2,15432.50,Аксессуары,ART0012,Товар 12
M04,TL03,"2025-01",299728,39000,72268,20704.0000,3,24089.33,Аксессуары,ART0027,Товар 27
M04,TL03,"2025-01",299728,39000,0,1705.0000,1,0.00,Обувь,ART0006,Товар 6
M04,TL03,"2025-01",299728,39000,19492,984.0000,1,19492.00,Обувь,ART0016,Товар 16
M04,TL03,"2025-01",299728,39000,10896,2530.0000,1,10896.00,Обувь,ART0021,Товар 21
M04,TL03,"2025-01",299728,39000,11016,5261.0000,2,5508.00,Обувь,ART0028,Товар 28
M04,TL03,"2025-01",299728,39000,19500,4720.0000,1,19500.00,Одежда,ART0025,Товар 25
M04,TL03,"2025-01",299728,39000,2120,255.0000,1,2120.00,Товары для дома,ART0001,Товар 1
M04,TL03,"2025-01",299728,39000,5564,2860.0000,2,2782.00,Товары для дома,ART0011,Товар 11
M04,TL03,"2025-01",299728,39000,4932,1016.0000,1,4932.00,Товары для дома,ART0015,Товар 15
M04,TL03,"2025-01",299728,39000,26548,5181.0000,1,26548.00,Товары для дома,ART0017,Товар 17
M04,TL03,"2025-01",299728,39000,0,1014.0000,1,0.00,Товары для дома,ART0020,Товар 20
M04,TL03,"2025-01",299728,39000,18565,5874.0000,1,18565.00,Товары для дома,ART0023,Товар 23
M04,TL03,"2025-01",299728,39000,14571,2929.0000,2,7285.50,Товары для дома,ART0030,Товар 30
M04,TL03,"2025-01",299728,39000,30072,1998.0000,1,30072.00,Электроника,ART0005,Товар 5
M04,TL03,"2025-01",299728,39000,48785,9259.7500,2,24392.50,Электроника,ART0010,Товар 10
M04,TL03,"2025-02",399223,95554,0,315.0000,1,0.00,Аксессуары,ART0003,Товар 3
M04,TL03,"2025-02",399223,95554,24648,1990.0000,1,24648.00,Аксессуары,ART0007,Товар 7
M04,TL03,"2025-02",399223,95554,2269,243.0000,1,2269.00,Аксессуары,ART0009,Товар 9
M04,TL03,"2025-02",399223,95554,14484,5010.0000,2,7242.00,Аксессуары,ART0026,Товар 26
M04,TL03,"2025-02",399223,95554,74781,18736.0000,2,37390.50,Обувь,ART0014,Товар 14
M04,TL03,"2025-02",399223,95554,36218,9512.0000,2,18109.00,Обувь,ART0016,Товар 16
M04,TL03,"2025-02",399223,95554,0,8235.0000,2,0.00,Обувь,ART0028,Товар 28
M04,TL03,"2025-02",399223,95554,39840,8730.0000,1,39840.00,Одежда,ART0019,Товар 19
M04,TL03,"2025-02",399223,95554,641,506.0000,1,641.00,Одежда,ART0024,Товар 24
M04,TL03,"2025-02",399223,95554,8907,1151.0000,1,8907.00,Товары для дома,ART0001,Товар 1
M04,TL03,"2025-02",399223,95554,65280,9430.0000,2,32640.00,Товары для дома,ART0011,Товар 11
M04,TL03,"2025-02",399223,95554,0,1564.0000,1,0.00,Товары для дома,ART0015,Товар 15
M04,TL03,"2025-02",399223,95554,15843,2307.0000,3,5281.00,Товары для дома,ART0017,Товар 17
M04,TL03,"2025-02",399223,95554,78740,11851.3023,2,39370.00,Товары для дома,ART0020,Товар 20
M04,TL03,"2025-02",399223,95554,35748,7459.0000,2,17874.00,Товары для дома,ART0023,Товар 23
M04,TL03,"2025-02",399223,95554,93565,32362.0000,3,31188.33,Товары для дома,ART0029,Товар 29
M04,TL03,"2025-02",399223,95554,6730,2248.0000,1,6730.00,Товары для дома,ART0030,Товар 30
M04,TL03,"2025-02",399223,95554,37264,9655.0000,2,18632.00,Электроника,ART0002,Товар 2
M04,TL03,"2025-02",399223,95554,58455,5365.0000,2,29227.50,Электроника,ART0005,Товар 5
M04,TL03,"2025-02",399223,95554,21404,6672.0000,1,21404.00,Электроника,ART0010,Товар 10
M04,TL03,"2025-02",399223,95554,26168,2156.0000,1,26168.00,Электроника,ART0013,Товар 13
M04,TL03,"2025-02",399223,95554,26642,6319.0000,2,13321.00,Электроника,ART0022,Товар 22
M04,TL03,"2025-03",166544,21198,0,145.0000,1,0.00,Аксессуары,ART0003,Товар 3
M04,TL03,"2025-03",166544,21198,36180,7069.0000,1,36180.00,Аксессуары,ART0007,Товар 7
M04,TL03,"2025-03",166544,21198,27842,2078.0000,2,13921.00,Аксессуары,ART0008,Товар 8
M04,TL03,"2025-03",166544,21198,2281,248.0000,1,2281.00,Аксессуары,ART0009,Товар 9
M04,TL03,"2025-03",166544,21198,62039,14671.0000,3,20679.67,Аксессуары,ART0012,Товар 12
M04,TL03,"2025-03",166544,21198,9040,2200.0000,1,9040.00,Аксессуары,ART0026,Товар 26
M04,TL03,"2025-03",166544,21198,75420,19131.0000,2,37710.00,Аксессуары,ART0027,Товар 27
M04,TL03,"2025-03",166544,21198,0,6854.0000,1,0.00,Обувь,ART0016,Товар 16
M04,TL03,"2025-03",166544,21198,12655,6334.0000,2,6327.50,Обувь,ART0021,Товар 21
M04,TL03,"2025-03",166544,21198,9036,2375.0000,1,9036.00,Обувь,ART0028,Товар 28
M04,TL03,"2025-03",166544,21198,3633,293.0000,1,3633.00,Одежда,ART0024,Товар 24
M04,TL03,"2025-03",166544,21198,70211,16241.0000,3,23403.67,Одежда,ART0025,Товар 25
M04,TL03,"2025-03",166544,21198,4053,2023.0000,3,1351.00,Товары для дома,ART0001,Товар 1
M04,TL03,"2025-03",166544,21198,29234,5791.0000,2,14617.00,Товары для дома,ART0011,Товар 11
M04,TL03,"2025-03",166544,21198,0,2749.0000,2,0.00,Товары для дома,ART0017,Товар 17
M04,TL03,"2025-03",166544,21198,16989,3453.0000,1,16989.00,Товары для дома,ART0020,Товар 20
M04,TL03,"2025-03",166544,21198,98344,17807.0000,2,49172.00,Товары для дома,ART0029,Товар 29
M04,TL03,"2025-03",166544,21198,0,1469.0000,1,0.00,Товары для дома,ART0030,Товар 30
M04,TL03,"2025-03",166544,21198,47130,9645.0000,3,15710.00,Электроника,ART0002,Товар 2
M04,TL03,"2025-03",166544,21198,27771,4842.0000,1,27771.00,Электроника,ART0004,Товар 4
M04,TL03,"2025-03",166544,21198,4760,851.0000,1,4760.00,Электроника,ART0005,Товар 5
M04,TL03,"2025-03",166544,21198,89565,14095.0000,1,89565.00,Электроника,ART0010,Товар 10
M04,TL03,"2025-03",166544,21198,18036,2137.0000,2,9018.00,Электроника,ART0013,Товар 13
M04,TL03,"2025-03",166544,21198,78490,5229.0000,1,78490.00,Электроника,ART0018,Товар 18
M04,TL03,"2025-03",166544,21198,29860,2912.6667,3,9953.33,Электроника,ART0022,Товар 22
M04,TL03,"2025-04",200936,51383,51230,4878.0000,1,51230.00,Аксессуары,ART0007,Товар 7
M04,TL03,"2025-04",200936,51383,24474,5100.0000,2,12237.00,Аксессуары,ART0008,Товар 8
M04,TL03,"2025-04",200936,51383,11855,1469.0000,1,11855.00,Аксессуары,ART0009,Товар 9
M04,TL03,"2025-04",200936,51383,88305,19422.0000,2,44152.50,Аксессуары,ART0027,Товар 27
M04,TL03,"2025-04",200936,51383,6689,1134.0000,1,6689.00,Обувь,ART0006,Товар 6
M04,TL03,"2025-04",200936,51383,23172,6877.0000,1,23172.00,Обувь,ART0014,Товар 14
M04,TL03,"2025-04",200936,51383,43484,13131.0000,1,43484.00,Обувь,ART0016,Товар 16
M04,TL03,"2025-04",200936,51383,8130,1614.0000,1,8130.00,Обувь,ART0021,Товар 21
M04,TL03,"2025-04",200936,51383,0,3172.0000,1,0.00,Обувь,ART0028,Товар 28
M04,TL03,"2025-04",200936,51383,4764,712.0000,1,4764.00,Одежда,ART0024,Товар 24
M04,TL03,"2025-04",200936,51383,21346,5357.0000,2,10673.00,Товары для дома,ART0001,Товар 1
M04,TL03,"2025-04",200936,51383,0,1303.0000,1,0.00,Товары для дома,ART0015,Товар 15
M04,TL03,"2025-04",200936,51383,15276,3808.0000,1,15276.00,Товары для дома,ART0017,Товар 17
M04,TL03,"2025-04",200936,51383,45738,7776.0000,3,15246.00,Товары для дома,ART0023,Товар 23
M04,TL03,"2025-04",200936,51383,0,9008.0000,1,0.00,Товары для дома,ART0029,Товар 29
M04,TL03,"2025-04",200936,51383,12764,3356.0000,2,6382.00,Товары для дома,ART0030,Товар 30
M04,TL03,"2025-04",200936,51383,24152,7246.0000,1,24152.00,Электроника,ART0004,Товар 4
M04,TL03,"2025-04",200936,51383,13290,3940.0000,1,13290.00,Электроника,ART0005,Товар 5
M04,TL03,"2025-04",200936,51383,126760,24316.0000,2,63380.00,Электроника,ART0010,Товар 10
M04,TL03,"2025-04",200936,51383,29850,5592.0000,2,14925.00,Электроника,ART0013,Товар 13
M04,TL03,"2025-04",200936,51383,19928,6637.0000,1,19928.00,Электроника,ART0022,Товар 22
M04,TL03,"2025-05",340360,60322,24272,6935.0000,1,24272.00,Аксессуары,ART0007,Товар 7
M04,TL03,"2025-05",340360,60322,8883,847.0000,1,8883.00,Аксессуары,ART0009,Товар 9
M04,TL03,"2025-05",340360,60322,68896,15419.0000,2,34448.00,Аксессуары,ART0026,Товар 26
M04,TL03,"2025-05",340360,60322,77695,16335.0000,1,77695.00,Аксессуары,ART0027,Товар 27
M04,TL03,"2025-05",340360,60322,15426,886.0000,1,15426.00,Обувь,ART0006,Товар 6
M04,TL03,"2025-05",340360,60322,96190,13595.0000,2,48095.00,Обувь,ART0016,Товар 16
M04,TL03,"2025-05",340360,60322,0,1036.0000,1,0.00,Обувь,ART0028,Товар 28
M04,TL03,"2025-05",340360,60322,10132,1156.2500,1,10132.00,Одежда,ART0019,Товар 19
M04,TL03,"2025-05",340360,60322,0,585.0000,1,0.00,Товары для дома,ART0001,Товар 1
M04,TL03,"2025-05",340360,60322,9132,1501.0000,1,9132.00,Товары для дома,ART0011,Товар 11
M04,TL03,"2025-05",340360,60322,9452,2634.0000,1,9452.00,Товары для дома,ART0017,Товар 17
M04,TL03,"2025-05",340360,60322,0,0.0000,1,0.00,Товары для дома,ART0020,Товар 20
M04,TL03,"2025-05",340360,60322,65336,14080.0000,1,65336.00,Товары для дома,ART0029,Товар 29
M04,TL03,"2025-05",340360,60322,111849,23036.0935,3,37283.00,Товары для дома,ART0030,Товар 30
M04,TL03,"2025-05",340360,60322,130094,22128.0000,2,65047.00,Электроника,ART0004,Товар 4
M04,TL03,"2025-05",340360,60322,17324,2109.0000,1,17324.00,Электроника,ART0005,Товар 5
M04,TL03,"2025-05",340360,60322,68836,7448.0000,1,68836.00,Электроника,ART0010,Товар 10
M04,TL03,"2025-05",340360,60322,4704,720.0000,1,4704.00,Электроника,ART0013,Товар 13
M04,TL03,"2025-05",340360,60322,62488,6211.0000,1,62488.00,Электроника,ART0018,Товар 18
M04,TL03,"2025-05",340360,60322,49389,5420.0000,3,16463.00,Электроника,ART0022,Товар 22
M04,TL03,"2025-06",369590,74085,4900,303.0000,1,4900.00,Аксессуары,ART0003,Товар 3
M04,TL03,"2025-06",369590,74085,11044,3211.0000,1,11044.00,Аксессуары,ART0007,Товар 7
M04,TL03,"2025-06",369590,74085,7544,1473.0000,1,7544.00,Аксессуары,ART0008,Товар 8
M04,TL03,"2025-06",369590,74085,1924,3365.0000,2,962.00,Аксессуары,ART0009,Товар 9
M04,TL03,"2025-06",369590,74085,17493,5997.0000,2,8746.50,Аксессуары,ART0026,Товар 26
M04,TL03,"2025-06",369590,74085,30932,9930.0000,1,30932.00,Аксессуары,ART0027,Товар 27
M04,TL03,"2025-06",369590,74085,4738,1145.0000,1,4738.00,Обувь,ART0006,Товар 6
M04,TL03,"2025-06",369590,74085,0,1897.0000,1,0.00,Обувь,ART0016,Товар 16
M04,TL03,"2025-06",369590,74085,12712,3508.0000,1,12712.00,Обувь,ART0028,Товар 28
M04,TL03,"2025-06",369590,74085,64558,7540.0000,2,32279.00,Одежда,ART0019,Товар 19
M04,TL03,"2025-06",369590,74085,2475,230.0000,1,2475.00,Товары для дома,ART0011,Товар 11
M04,TL03,"2025-06",369590,74085,3450,421.0000,1,3450.00,Товары для дома,ART0015,Товар 15
M04,TL03,"2025-06",369590,74085,16593,4258.0000,1,16593.00,Товары для дома,ART0017,Товар 17
M04,TL03,"2025-06",369590,74085,0,747.0000,1,0.00,Товары для дома,ART0023,Товар 23
M04,TL03,"2025-06",369590,74085,13943,3384.0000,2,6971.50,Товары для дома,ART0030,Товар 30
M04,TL03,"2025-06",369590,74085,8294,2101.0000,1,8294.00,Электроника,ART0002,Товар 2
M04,TL03,"2025-06",369590,74085,66940,12840.0000,2,33470.00,Электроника,ART0010,Товар 10
M04,TL03,"2025-06",369590,74085,17170,4387.0000,1,17170.00,Электроника,ART0013,Товар 13
M04,TL03,"2025-06",369590,74085,41688,3510.0000,1,41688.00,Электроника,ART0018,Товар 18
M04,TL03,"2025-07",431710,71825,1947,238.0000,1,1947.00,Аксессуары,ART0003,Товар 3
M04,TL03,"2025-07",431710,71825,22923,1987.0000,2,11461.50,Аксессуары,ART0008,Товар 8
M04,TL03,"2025-07",431710,71825,9285,1543.0000,1,9285.00,Аксессуары,ART0009,Товар 9
M04,TL03,"2025-07",431710,71825,18188,3362.0000,2,9094.00,Аксессуары,ART0012,Товар 12
M04,TL03,"2025-07",431710,71825,26226,5243.1520,2,13113.00,Аксессуары,ART0026,Товар 26
M04,TL03,"2025-07",431710,71825,72080,4519.0000,1,72080.00,Аксессуары,ART0027,Товар 27
M04,TL03,"2025-07",431710,71825,10574,3723.0000,1,10574.00,Обувь,ART0006,Товар 6
M04,TL03,"2025-07",431710,71825,17680,10059.0000,2,8840.00,Обувь,ART0014,Товар 14
M04,TL03,"2025-07",431710,71825,17296,1275.0001,2,8648.00,Обувь,ART0016,Товар 16
M04,TL03,"2025-07",431710,71825,7585,2817.0000,3,2528.33,Обувь,ART0021,Товар 21
M04,TL03,"2025-07",431710,71825,17434,4736.0000,1,17434.00,Обувь,ART0028,Товар 28
M04,TL03,"2025-07",431710,71825,63777,14776.0000,1,63777.00,Одежда,ART0019,Товар 19
M04,TL03,"2025-07",431710,71825,3515,662.0000,1,3515.00,Одежда,ART0024,Товар 24
M04,TL03,"2025-07",431710,71825,4904,1296.0000,2,2452.00,Товары для дома,ART0001,Товар 1
M04,TL03,"2025-07",431710,71825,8022,1408.0000,1,8022.00,Товары для дома,ART0011,Товар 11
M04,TL03,"2025-07",431710,71825,9306,2768.0000,1,9306.00,Товары для дома,ART0017,Товар 17
M04,TL03,"2025-07",431710,71825,4124,3744.0000,2,2062.00,Товары для дома,ART0023,Товар 23
M04,TL03,"2025-07",431710,71825,11705,3662.5000,2,5852.50,Электроника,ART0002,Товар 2
M04,TL03,"2025-07",431710,71825,43252,6113.0000,2,21626.00,Электроника,ART0005,Товар 5
M04,TL03,"2025-07",431710,71825,18322,14869.0001,2,9161.00,Электроника,ART0010,Товар 10
M04,TL03,"2025-07",431710,71825,32872,12298.0000,2,16436.00,Электроника,ART0013,Товар 13
M04,TL03,"2025-07",431710,71825,3640,664.0000,1,3640.00,Электроника,ART0022,Товар 22
M04,TL03,"2025-08",164880,37879,5976,1882.0000,1,5976.00,Аксессуары,ART0007,Товар 7
M04,TL03,"2025-08",164880,37879,5841,958.0000,1,5841.00,Аксессуары,ART0009,Товар 9
M04,TL03,"2025-08",164880,37879,15267,1294.0000,1,15267.00,Аксессуары,ART0012,Товар 12
M04,TL03,"2025-08",164880,37879,69585,17406.0000,1,69585.00,Аксессуары,ART0027,Товар 27
M04,TL03,"2025-08",164880,37879,6135,7551.0000,2,3067.50,Обувь,ART0014,Товар 14
M04,TL03,"2025-08",164880,37879,156163,35810.0000,3,52054.33,Обувь,ART0016,Товар 16
M04,TL03,"2025-08",164880,37879,6016,842.0000,1,6016.00,Обувь,ART0021,Товар 21
M04,TL03,"2025-08",164880,37879,24558,2066.0000,1,24558.00,Одежда,ART0019,Товар 19
M04,TL03,"2025-08",164880,37879,0,999.0000,1,0.00,Одежда,ART0024,Товар 24
M04,TL03,"2025-08",164880,37879,0,1915.0000,1,0.00,Одежда,ART0025,Товар 25
M04,TL03,"2025-08",164880,37879,2379,458.0000,1,2379.00,Товары для дома,ART0001,Товар 1
M04,TL03,"2025-08",164880,37879,19875,4117.0000,3,6625.00,Товары для дома,ART0011,Товар 11
M04,TL03,"2025-08",164880,37879,9520,2303.0000,3,3173.33,Товары для дома,ART0015,Товар 15
M04,TL03,"2025-08",164880,37879,4420,602.0000,1,4420.00,Товары для дома,ART0020,Товар 20
M04,TL03,"2025-08",164880,37879,17445,4042.0000,1,17445.00,Товары для дома,ART0023,Товар 23
M04,TL03,"2025-08",164880,37879,10360,2884.0000,1,10360.00,Товары для дома,ART0030,Товар 30
M04,TL03,"2025-08",164880,37879,8704,2306.0000,1,8704.00,Электроника,ART0002,Товар 2
M04,TL03,"2025-08",164880,37879,31914,6129.0000,1,31914.00,Электроника,ART0004,Товар 4
M04,TL03,"2025-08",164880,37879,43643,13505.0000,2,21821.50,Электроника,ART0010,Товар 10
M04,TL03,"2025-08",164880,37879,83361,16952.0000,3,27787.00,Электроника,ART0013,Товар 13
M04,TL03,"2025-08",164880,37879,78633,11632.0000,2,39316.50,Электроника,ART0018,Товар 18
M04,TL03,"2025-09",293008,63597,5196,576.0000,2,2598.00,Аксессуары,ART0003,Товар 3
M04,TL03,"2025-09",293008,63597,15320,4150.0000,2,7660.00,Аксессуары,ART0008,Товар 8
M04,TL03,"2025-09",293008,63597,41454,8323.0000,2,20727.00,Аксессуары,ART0012,Товар 12
M04,TL03,"2025-09",293008,63597,8558,2566.0000,1,8558.00,Аксессуары,ART0026,Товар 26
M04,TL03,"2025-09",293008,63597,18531,9129.0000,2,9265.50,Обувь,ART0014,Товар 14
M04,TL03,"2025-09",293008,63597,27256,9141.0000,2,13628.00,Обувь,ART0016,Товар 16
M04,TL03,"2025-09",293008,63597,13426,2546.0000,5,2685.20,Одежда,ART0024,Товар 24
M04,TL03,"2025-09",293008,63597,16520,4014.0000,1,16520.00,Одежда,ART0025,Товар 25
M04,TL03,"2025-09",293008,63597,44484,8099.0000,3,14828.00,Товары для дома,ART0011,Товар 11
M04,TL03,"2025-09",293008,63597,13565,4667.0000,1,13565.00,Товары для дома,ART0030,Товар 30
M04,TL03,"2025-09",293008,63597,43730,7536.0000,2,21865.00,Электроника,ART0002,Товар 2
M04,TL03,"2025-09",293008,63597,46233,13578.0000,1,46233.00,Электроника,ART0004,Товар 4
M04,TL03,"2025-09",293008,63597,7092,1366.0000,1,7092.00,Электроника,ART0005,Товар 5
M04,TL03,"2025-09",293008,63597,47935,16162.0000,1,47935.00,Электроника,ART0013,Товар 13
M04,TL03,"2025-09",293008,63597,49020,7526.0000,1,49020.00,Электроника,ART0018,Товар 18
M04,TL03,"2025-09",293008,63597,37312,8470.0000,2,18656.00,Электроника,ART0022,Товар 22
M04,TL03,"2025-10",404718,66795,0,0.0000,0,,,,
M05,TL02,"2025-01",162198,43512,32604,10278.0000,1,32604.00,Аксессуары,ART0007,Товар 7
M05,TL02,"2025-01",162198,43512,0,2914.0000,1,0.00,Аксессуары,ART0008,Товар 8
M05,TL02,"2025-01",162198,43512,12451,6696.0000,2,6225.50,Аксессуары,ART0026,Товар 26
M05,TL02,"2025-01",162198,43512,33774,2965.0000,1,33774.00,Аксессуары,ART0027,Товар 27
M05,TL02,"2025-01",162198,43512,6289,1659.0000,1,6289.00,Обувь,ART0014,Товар 14
M05,TL02,"2025-01",162198,43512,26060,4500.0000,1,26060.00,Одежда,ART0019,Товар 19
M05,TL02,"2025-01",162198,43512,11696,1548.0000,1,11696.00,Товары для дома,ART0001,Товар 1
M05,TL02,"2025-01",162198,43512,0,3710.0000,1,0.00,Товары для дома,ART0017,Товар 17
M05,TL02,"2025-01",162198,43512,9702,2426.0000,1,9702.00,Товары для дома,ART0023,Товар 23
M05,TL02,"2025-01",162198,43512,0,5702.0000,1,0.00,Электроника,ART0002,Товар 2
M05,TL02,"2025-01",162198,43512,17824,1260.0000,1,17824.00,Электроника,ART0004,Товар 4
M05,TL02,"2025-01",162198,43512,0,3507.0000,1,0.00,Электроника,ART0005,Товар 5
M05,TL02,"2025-01",162198,43512,24665,2363.0000,1,24665.00,Электроника,ART0022,Товар 22
M05,TL02,"2025-02",158376,28670,1504,183.0000,1,1504.00,Аксессуары,ART0003,Товар 3
M05,TL02,"2025-02",158376,28670,0,4273.0000,1,0.00,Аксессуары,ART0012,Товар 12
M05,TL02,"2025-02",158376,28670,63918,14563.0000,2,31959.00,Аксессуары,ART0027,Товар 27
M05,TL02,"2025-02",158376,28670,35965,12101.0000,1,35965.00,Обувь,ART0006,Товар 6
M05,TL02,"2025-02",158376,28670,8840,1308.0000,1,8840.00,Обувь,ART0021,Товар 21
M05,TL02,"2025-02",158376,28670,51464,6315.0000,2,25732.00,Одежда,ART0019,Товар 19
M05,TL02,"2025-02",158376,28670,0,94.0000,1,0.00,Одежда,ART0024,Товар 24
M05,TL02,"2025-02",158376,28670,6662,1436.0000,1,6662.00,Товары для дома,ART0011,Товар 11
M05,TL02,"2025-02",158376,28670,6771,1537.0000,1,6771.00,Товары для дома,ART0015,Товар 15
M05,TL02,"2025-02",158376,28670,14604,2046.0000,1,14604.00,Товары для дома,ART0023,Товар 23
M05,TL02,"2025-02",158376,28670,6330,996.7500,1,6330.00,Товары для дома,ART0030,Товар 30
M05,TL02,"2025-02",158376,28670,15309,4734.0000,1,15309.00,Электроника,ART0002,Товар 2
M05,TL02,"2025-03",217432,54692,10540,1181.0000,1,10540.00,Аксессуары,ART0009,Товар 9
M05,TL02,"2025-03",217432,54692,34524,8633.0000,2,17262.00,Обувь,ART0016,Товар 16
M05,TL02,"2025-03",217432,54692,91305,18062.0000,1,91305.00,Обувь,ART0028,Товар 28
M05,TL02,"2025-03",217432,54692,5688,1618.0000,1,5688.00,Товары для дома,ART0023,Товар 23
M05,TL02,"2025-03",217432,54692,21748,5034.0000,1,21748.00,Товары для дома,ART0029,Товар 29
M05,TL02,"2025-03",217432,54692,3539,528.0000,1,3539.00,Электроника,ART0002,Товар 2
M05,TL02,"2025-03",217432,54692,17064,4654.0000,1,17064.00,Электроника,ART0010,Товар 10
M05,TL02,"2025-04",365531,45666,3964,354.0000,1,3964.00,Аксессуары,ART0003,Товар 3
M05,TL02,"2025-04",365531,45666,5474,1353.0000,1,5474.00,Аксессуары,ART0008,Товар 8
M05,TL02,"2025-04",365531,45666,7548,2413.0000,2,3774.00,Аксессуары,ART0009,Товар 9
M05,TL02,"2025-04",365531,45666,0,1945.0000,1,0.00,Аксессуары,ART0012,Товар 12
M05,TL02,"2025-04",365531,45666,38830,5499.0000,1,38830.00,Аксессуары,ART0026,Товар 26
M05,TL02,"2025-04",365531,45666,7928,840.0000,1,7928.00,Обувь,ART0021,Товар 21
M05,TL02,"2025-04",365531,45666,13814,1552.0000,1,13814.00,Одежда,ART0019,Товар 19
M05,TL02,"2025-04",365531,45666,5001,1317.0000,1,5001.00,Товары для дома,ART0001,Товар 1
M05,TL02,"2025-04",365531,45666,4199,4480.0000,2,2099.50,Товары для дома,ART0011,Товар 11
M05,TL02,"2025-04",365531,45666,16195,5474.0000,1,16195.00,Товары для дома,ART0020,Товар 20
M05,TL02,"2025-04",365531,45666,12384,3786.0000,1,12384.00,Товары для дома,ART0023,Товар 23
M05,TL02,"2025-04",365531,45666,0,8349.0000,1,0.00,Товары для дома,ART0029,Товар 29
M05,TL02,"2025-04",365531,45666,27376,5660.0000,2,13688.00,Электроника,ART0002,Товар 2
M05,TL02,"2025-04",365531,45666,44084,20385.0000,1,44084.00,Электроника,ART0004,Товар 4
M05,TL02,"2025-04",365531,45666,12084,1892.0000,1,12084.00,Электроника,ART0005,Товар 5
M05,TL02,"2025-04",365531,45666,0,4665.0000,1,0.00,Электроника,ART0018,Товар 18
M05,TL02,"2025-04",365531,45666,13914,3818.0000,1,13914.00,Электроника,ART0022,Товар 22
M05,TL02,"2025-05",213295,30930,15237,1231.0000,1,15237.00,Обувь,ART0006,Товар 6
M05,TL02,"2025-05",213295,30930,31797,7970.0000,2,15898.50,Обувь,ART0014,Товар 14
M05,TL02,"2025-05",213295,30930,5036,778.0000,1,5036.00,Обувь,ART0028,Товар 28
M05,TL02,"2025-05",213295,30930,0,4135.0000,1,0.00,Одежда,ART0019,Товар 19
M05,TL02,"2025-05",213295,30930,11263,3457.0000,2,5631.50,Товары для дома,ART0001,Товар 1
M05,TL02,"2025-05",213295,30930,1622,565.0000,1,1622.00,Товары для дома,ART0015,Товар 15
M05,TL02,"2025-05",213295,30930,24744,8003.0000,1,24744.00,Товары для дома,ART0020,Товар 20
M05,TL02,"2025-05",213295,30930,9180,833.0000,1,9180.00,Товары для дома,ART0030,Товар 30
M05,TL02,"2025-05",213295,30930,2327,655.0000,1,2327.00,Электроника,ART0002,Товар 2
M05,TL02,"2025-05",213295,30930,29185,2922.0000,1,29185.00,Электроника,ART0005,Товар 5
M05,TL02,"2025-05",213295,30930,84255,25962.0000,1,84255.00,Электроника,ART0010,Товар 10
M05,TL02,"2025-06",379953,58960,13251,1126.0000,1,13251.00,Аксессуары,ART0008,Товар 8
M05,TL02,"2025-06",379953,58960,12780,3995.0000,1,12780.00,Аксессуары,ART0026,Товар 26
M05,TL02,"2025-06",379953,58960,92607,10750.0000,2,46303.50,Обувь,ART0016,Товар 16
M05,TL02,"2025-06",379953,58960,5575,1851.0000,1,5575.00,Одежда,ART0024,Товар 24
M05,TL02,"2025-06",379953,58960,45646,12247.0000,4,11411.50,Одежда,ART0025,Товар 25
M05,TL02,"2025-06",379953,58960,8705,551.0000,1,8705.00,Товары для дома,ART0001,Товар 1
M05,TL02,"2025-06",379953,58960,18601,4570.0000,2,9300.50,Товары для дома,ART0011,Товар 11
M05,TL02,"2025-06",379953,58960,0,2315.0000,1,0.00,Товары для дома,ART0020,Товар 20
M05,TL02,"2025-06",379953,58960,42837,2474.0000,1,42837.00,Товары для дома,ART0029,Товар 29
M05,TL02,"2025-06",379953,58960,14590,1573.0000,1,14590.00,Товары для дома,ART0030,Товар 30
M05,TL02,"2025-06",379953,58960,55842,10630.0000,2,27921.00,Электроника,ART0005,Товар 5
M05,TL02,"2025-06",379953,58960,4415,1095.0000,1,4415.00,Электроника,ART0013,Товар 13
M05,TL02,"2025-06",379953,58960,5298,2244.0000,1,5298.00,Электроника,ART0022,Товар 22
M05,TL02,"2025-07",201313,48210,0,1463.0000,1,0.00,Аксессуары,ART0026,Товар 26
M05,TL02,"2025-07",201313,48210,32756,2552.0000,1,32756.00,Аксессуары,ART0027,Товар 27
M05,TL02,"2025-07",201313,48210,41652,13474.0000,1,41652.00,Обувь,ART0014,Товар 14
M05,TL02,"2025-07",201313,48210,3957,2032.0000,2,1978.50,Обувь,ART0021,Товар 21
M05,TL02,"2025-07",201313,48210,0,10272.0000,1,0.00,Одежда,ART0019,Товар 19
M05,TL02,"2025-07",201313,48210,15185,4232.0000,1,15185.00,Товары для дома,ART0001,Товар 1
M05,TL02,"2025-07",201313,48210,3794,1309.0000,1,3794.00,Товары для дома,ART0020,Товар 20
M05,TL02,"2025-07",201313,48210,17368,2753.0000,1,17368.00,Товары для дома,ART0023,Товар 23
M05,TL02,"2025-07",201313,48210,11896,809.0000,1,11896.00,Товары для дома,ART0030,Товар 30
M05,TL02,"2025-07",201313,48210,141600,25360.0000,2,70800.00,Электроника,ART0022,Товар 22
M05,TL02,"2025-08",256873,63571,84275,21655.0000,1,84275.00,Аксессуары,ART0027,Товар 27
M05,TL02,"2025-08",256873,63571,25011,7469.0000,1,25011.00,Обувь,ART0014,Товар 14
M05,TL02,"2025-08",256873,63571,0,8089.0000,1,0.00,Обувь,ART0016,Товар 16
M05,TL02,"2025-08",256873,63571,5265,802.0000,1,5265.00,Обувь,ART0028,Товар 28
M05,TL02,"2025-08",256873,63571,36468,4477.0000,1,36468.00,Одежда,ART0019,Товар 19
M05,TL02,"2025-08",256873,63571,7832,1694.0000,1,7832.00,Одежда,ART0025,Товар 25
M05,TL02,"2025-08",256873,63571,2065,231.0000,1,2065.00,Товары для дома,ART0030,Товар 30
M05,TL02,"2025-08",256873,63571,66644,25452.0000,2,33322.00,Электроника,ART0004,Товар 4
M05,TL02,"2025-08",256873,63571,11824,2420.0000,1,11824.00,Электроника,ART0005,Товар 5
M05,TL02,"2025-08",256873,63571,76321,13546.0000,2,38160.50,Электроника,ART0013,Товар 13
M05,TL02,"2025-08",256873,63571,15426,3119.0000,1,15426.00,Электроника,ART0022,Товар 22
M05,TL02,"2025-09",432376,110651,0,2876.0000,1,0.00,Аксессуары,ART0007,Товар 7
M05,TL02,"2025-09",432376,110651,0,8436.0000,1,0.00,Аксессуары,ART0008,Товар 8
M05,TL02,"2025-09",432376,110651,13870,1059.0000,1,13870.00,Аксессуары,ART0009,Товар 9
M05,TL02,"2025-09",432376,110651,8472,843.0000,1,8472.00,Аксессуары,ART0012,Товар 12
M05,TL02,"2025-09",432376,110651,6229,2069.0000,1,6229.00,Аксессуары,ART0026,Товар 26
M05,TL02,"2025-09",432376,110651,45951,5318.0000,1,45951.00,Аксессуары,ART0027,Товар 27
M05,TL02,"2025-09",432376,110651,25400,3935.0000,1,25400.00,Обувь,ART0006,Товар 6
M05,TL02,"2025-09",432376,110651,24092,3526.0000,1,24092.00,Обувь,ART0016,Товар 16
M05,TL02,"2025-09",432376,110651,0,227.0000,1,0.00,Обувь,ART0021,Товар 21
M05,TL02,"2025-09",432376,110651,58576,10184.0000,2,29288.00,Одежда,ART0025,Товар 25
M05,TL02,"2025-09",432376,110651,1984,442.3333,1,1984.00,Товары для дома,ART0015,Товар 15
M05,TL02,"2025-09",432376,110651,8354,1558.0000,1,8354.00,Товары для дома,ART0023,Товар 23
M05,TL02,"2025-09",432376,110651,12250,916.0000,1,12250.00,Товары для дома,ART0030,Товар 30
M05,TL02,"2025-09",432376,110651,0,2353.0000,1,0.00,Электроника,ART0002,Товар 2
M05,TL02,"2025-09",432376,110651,83840,22097.0000,1,83840.00,Электроника,ART0010,Товар 10
M05,TL02,"2025-09",432376,110651,29792,3077.0000,1,29792.00,Электроника,ART0013,Товар 13
M05,TL02,"2025-09",432376,110651,47880,16673.0000,1,47880.00,Электроника,ART0018,Товар 18
M05,TL02,"2025-10",364300,60909,0,0.0000,0,,,,
M06,TL01,"2025-01",445753,98710,2372,157.5000,1,2372.00,Аксессуары,ART0009,Товар 9
M06,TL01,"2025-01",445753,98710,25006,5631.2000,1,25006.00,Аксессуары,ART0027,Товар 27
M06,TL01,"2025-01",445753,98710,0,5115.0000,1,0.00,Обувь,ART0006,Товар 6
M06,TL01,"2025-01",445753,98710,3226,270.0000,1,3226.00,Обувь,ART0021,Товар 21
M06,TL01,"2025-01",445753,98710,14346,1148.0000,1,14346.00,Обувь,ART0028,Товар 28
M06,TL01,"2025-01",445753,98710,18692,2855.0000,2,9346.00,Одежда,ART0025,Товар 25
M06,TL01,"2025-01",445753,98710,9850,2883.0000,1,9850.00,Товары для дома,ART0001,Товар 1
M06,TL01,"2025-01",445753,98710,15470,5270.0000,3,5156.67,Товары для дома,ART0011,Товар 11
M06,TL01,"2025-01",445753,98710,0,364.0000,1,0.00,Товары для дома,ART0015,Товар 15
M06,TL01,"2025-01",445753,98710,5934,1984.0000,1,5934.00,Товары для дома,ART0020,Товар 20
M06,TL01,"2025-01",445753,98710,54605,14739.0000,1,54605.00,Электроника,ART0004,Товар 4
M06,TL01,"2025-01",445753,98710,28854,2448.0000,1,28854.00,Электроника,ART0013,Товар 13
M06,TL01,"2025-02",195108,32717,3260,317.0000,1,3260.00,Аксессуары,ART0003,Товар 3
M06,TL01,"2025-02",195108,32717,41626,8154.2500,3,13875.33,Аксессуары,ART0008,Товар 8
M06,TL01,"2025-02",195108,32717,29394,6595.0000,3,9798.00,Аксессуары,ART0009,Товар 9
M06,TL01,"2025-02",195108,32717,41390,5256.0000,2,20695.00,Аксессуары,ART0012,Товар 12
M06,TL01,"2025-02",195108,32717,14160,1869.6667,1,14160.00,Аксессуары,ART0027,Товар 27
M06,TL01,"2025-02",195108,32717,32416,6172.0000,1,32416.00,Обувь,ART0014,Товар 14
M06,TL01,"2025-02",195108,32717,39225,10790.0000,3,13075.00,Обувь,ART0028,Товар 28
M06,TL01,"2025-02",195108,32717,108797,13149.0000,3,36265.67,Одежда,ART0019,Товар 19
M06,TL01,"2025-02",195108,32717,50860,11714.0000,1,50860.00,Одежда,ART0025,Товар 25
M06,TL01,"2025-02",195108,32717,30079,8056.0000,4,7519.75,Товары для дома,ART0001,Товар 1
M06,TL01,"2025-02",195108,32717,9719,2392.7500,3,3239.67,Товары для дома,ART0015,Товар 15
M06,TL01,"2025-02",195108,32717,11428,4994.0000,2,5714.00,Товары для дома,ART0017,Товар 17
M06,TL01,"2025-02",195108,32717,17771,5186.0000,2,8885.50,Товары для дома,ART0020,Товар 20
M06,TL01,"2025-02",195108,32717,21636,2262.0000,1,21636.00,Товары для дома,ART0023,Товар 23
M06,TL01,"2025-02",195108,32717,19764,14256.0000,3,6588.00,Товары для дома,ART0029,Товар 29
M06,TL01,"2025-02",195108,32717,10745,3319.0000,3,3581.67,Товары для дома,ART0030,Товар 30
M06,TL01,"2025-02",195108,32717,26145,5978.0000,1,26145.00,Электроника,ART0002,Товар 2
M06,TL01,"2025-02",195108,32717,73110,13308.0000,1,73110.00,Электроника,ART0010,Товар 10
M06,TL01,"2025-02",195108,32717,25225,2714.0000,1,25225.00,Электроника,ART0013,Товар 13
M06,TL01,"2025-02",195108,32717,45411,13110.0000,1,45411.00,Электроника,ART0018,Товар 18
M06,TL01,"2025-02",195108,32717,38926,10444.0000,2,19463.00,Электроника,ART0022,Товар 22
M06,TL01,"2025-03",372886,97664,46464,10291.0000,2,23232.00,Аксессуары,ART0007,Товар 7
M06,TL01,"2025-03",372886,97664,9354,5007.0000,1,9354.00,Аксессуары,ART0008,Товар 8
M06,TL01,"2025-03",372886,97664,0,868.0000,1,0.00,Аксессуары,ART0009,Товар 9
M06,TL01,"2025-03",372886,97664,13679,4072.5000,1,13679.00,Аксессуары,ART0027,Товар 27
M06,TL01,"2025-03",372886,97664,24718,2775.0000,2,12359.00,Обувь,ART0028,Товар 28
M06,TL01,"2025-03",372886,97664,42005,12833.0000,1,42005.00,Одежда,ART0019,Товар 19
M06,TL01,"2025-03",372886,97664,27329,8679.0000,2,13664.50,Одежда,ART0025,Товар 25
M06,TL01,"2025-03",372886,97664,6844,2610.0000,2,3422.00,Товары для дома,ART0001,Товар 1
M06,TL01,"2025-03",372886,97664,11490,3305.0000,1,11490.00,Товары для дома,ART0011,Товар 11
M06,TL01,"2025-03",372886,97664,37519,7597.0000,2,18759.50,Товары для дома,ART0017,Товар 17
M06,TL01,"2025-03",372886,97664,20025,2650.0000,3,6675.00,Товары для дома,ART0030,Товар 30
M06,TL01,"2025-03",372886,97664,14515,1532.0000,2,7257.50,Электроника,ART0002,Товар 2
M06,TL01,"2025-03",372886,97664,21162,922.2696,1,21162.00,Электроника,ART0004,Товар 4
M06,TL01,"2025-03",372886,97664,44816,5988.0000,1,44816.00,Электроника,ART0010,Товар 10
M06,TL01,"2025-04",357435,98101,2178,707.0000,1,2178.00,Аксессуары,ART0003,Товар 3
M06,TL01,"2025-04",357435,98101,0,457.0000,1,0.00,Аксессуары,ART0007,Товар 7
M06,TL01,"2025-04",357435,98101,26756,2681.0000,3,8918.67,Аксессуары,ART0008,Товар 8
M06,TL01,"2025-04",357435,98101,39124,5696.0000,1,39124.00,Аксессуары,ART0009,Товар 9
M06,TL01,"2025-04",357435,98101,36810,3814.0000,3,12270.00,Аксессуары,ART0026,Товар 26
M06,TL01,"2025-04",357435,98101,0,10373.0000,1,0.00,Аксессуары,ART0027,Товар 27
M06,TL01,"2025-04",357435,98101,0,7963.0000,2,0.00,Обувь,ART0006,Товар 6
M06,TL01,"2025-04",357435,98101,84913,6113.0000,2,42456.50,Обувь,ART0014,Товар 14
M06,TL01,"2025-04",357435,98101,44634,4169.0000,1,44634.00,Обувь,ART0016,Товар 16
M06,TL01,"2025-04",357435,98101,6118,1562.0000,2,3059.00,Обувь,ART0021,Товар 21
M06,TL01,"2025-04",357435,98101,51656,6410.3983,2,25828.00,Одежда,ART0025,Товар 25
M06,TL01,"2025-04",357435,98101,10265,1880.4000,2,5132.50,Товары для дома,ART0001,Товар 1
M06,TL01,"2025-04",357435,98101,0,0.0000,1,0.00,Товары для дома,ART0011,Товар 11
M06,TL01,"2025-04",357435,98101,3893,312.0000,1,3893.00,Товары для дома,ART0017,Товар 17
M06,TL01,"2025-04",357435,98101,5269,314.0000,1,5269.00,Товары для дома,ART0020,Товар 20
M06,TL01,"2025-04",357435,98101,26145,4418.0000,2,13072.50,Товары для дома,ART0030,Товар 30
M06,TL01,"2025-04",357435,98101,0,846.0000,2,0.00,Электроника,ART0002,Товар 2
M06,TL01,"2025-04",357435,98101,56715,11180.0000,1,56715.00,Электроника,ART0004,Товар 4
M06,TL01,"2025-04",357435,98101,11014,3184.0000,2,5507.00,Электроника,ART0005,Товар 5
M06,TL01,"2025-04",357435,98101,13457,14456.0000,2,6728.50,Электроника,ART0010,Товар 10
M06,TL01,"2025-04",357435,98101,25332,11587.0000,1,25332.00,Электроника,ART0013,Товар 13
M06,TL01,"2025-04",357435,98101,58972,6317.0000,1,58972.00,Электроника,ART0018,Товар 18
M06,TL01,"2025-05",235305,60883,2547,500.0000,1,2547.00,Аксессуары,ART0003,Товар 3
M06,TL01,"2025-05",235305,60883,45777,9582.0000,2,22888.50,Аксессуары,ART0007,Товар 7
M06,TL01,"2025-05",235305,60883,15164,3542.0000,2,7582.00,Аксессуары,ART0008,Товар 8
M06,TL01,"2025-05",235305,60883,16469,2834.0000,1,16469.00,Аксессуары,ART0009,Товар 9
M06,TL01,"2025-05",235305,60883,42337,18105.0000,3,14112.33,Обувь,ART0006,Товар 6
M06,TL01,"2025-05",235305,60883,7211,2948.0000,2,3605.50,Обувь,ART0014,Товар 14
M06,TL01,"2025-05",235305,60883,0,21344.0000,2,0.00,Обувь,ART0016,Товар 16
M06,TL01,"2025-05",235305,60883,8878,1542.0000,2,4439.00,Обувь,ART0021,Товар 21
M06,TL01,"2025-05",235305,60883,0,2605.0000,1,0.00,Одежда,ART0019,Товар 19
M06,TL01,"2025-05",235305,60883,5576,1153.0000,2,2788.00,Одежда,ART0024,Товар 24
M06,TL01,"2025-05",235305,60883,11320,1590.0000,2,5660.00,Товары для дома,ART0001,Товар 1
M06,TL01,"2025-05",235305,60883,12509,2040.0000,2,6254.50,Товары для дома,ART0011,Товар 11
M06,TL01,"2025-05",235305,60883,6249,1484.0000,1,6249.00,Товары для дома,ART0015,Товар 15
M06,TL01,"2025-05",235305,60883,0,3847.0000,1,0.00,Товары для дома,ART0017,Товар 17
M06,TL01,"2025-05",235305,60883,15648,2026.0000,1,15648.00,Товары для дома,ART0030,Товар 30
M06,TL01,"2025-05",235305,60883,0,4234.0000,1,0.00,Электроника,ART0002,Товар 2
M06,TL01,"2025-05",235305,60883,11641,13638.0000,2,5820.50,Электроника,ART0004,Товар 4
M06,TL01,"2025-05",235305,60883,0,2163.0000,1,0.00,Электроника,ART0005,Товар 5
M06,TL01,"2025-05",235305,60883,27404,3420.0000,2,13702.00,Электроника,ART0013,Товар 13
M06,TL01,"2025-05",235305,60883,84020,20583.1020,1,84020.00,Электроника,ART0022,Товар 22
M06,TL01,"2025-06",154821,34628,1858,223.0000,1,1858.00,Аксессуары,ART0003,Товар 3
M06,TL01,"2025-06",154821,34628,30786,2113.0000,1,30786.00,Аксессуары,ART0007,Товар 7
M06,TL01,"2025-06",154821,34628,11271,2098.0000,1,11271.00,Аксессуары,ART0008,Товар 8
M06,TL01,"2025-06",154821,34628,5445,1833.0000,1,5445.00,Аксессуары,ART0009,Товар 9
M06,TL01,"2025-06",154821,34628,32985,1762.0000,1,32985.00,Аксессуары,ART0026,Товар 26
M06,TL01,"2025-06",154821,34628,6640,1213.0000,1,6640.00,Обувь,ART0014,Товар 14
M06,TL01,"2025-06",154821,34628,10872,2973.0000,1,10872.00,Одежда,ART0025,Товар 25
M06,TL01,"2025-06",154821,34628,4316,1011.0000,1,4316.00,Товары для дома,ART0015,Товар 15
M06,TL01,"2025-06",154821,34628,175670,32684.0000,1,175670.00,Товары для дома,ART0029,Товар 29
M06,TL01,"2025-06",154821,34628,5752,1029.0000,1,5752.00,Товары для дома,ART0030,Товар 30
M06,TL01,"2025-06",154821,34628,42172,7233.0000,1,42172.00,Электроника,ART0004,Товар 4
M06,TL01,"2025-06",154821,34628,17990,4447.0000,1,17990.00,Электроника,ART0018,Товар 18
M06,TL01,"2025-06",154821,34628,0,457.0000,1,0.00,Электроника,ART0022,Товар 22
M06,TL01,"2025-07",298869,81645,9108,679.0000,1,9108.00,Аксессуары,ART0009,Товар 9
M06,TL01,"2025-07",298869,81645,18084,10690.0000,2,9042.00,Аксессуары,ART0012,Товар 12
M06,TL01,"2025-07",298869,81645,13988,2951.0000,1,13988.00,Аксессуары,ART0026,Товар 26
M06,TL01,"2025-07",298869,81645,0,0.0000,1,0.00,Обувь,ART0006,Товар 6
M06,TL01,"2025-07",298869,81645,4891,414.0000,1,4891.00,Обувь,ART0014,Товар 14
M06,TL01,"2025-07",298869,81645,0,2685.0000,1,0.00,Обувь,ART0016,Товар 16
M06,TL01,"2025-07",298869,81645,55316,3303.0000,1,55316.00,Одежда,ART0019,Товар 19
M06,TL01,"2025-07",298869,81645,9600,3213.0000,1,9600.00,Одежда,ART0025,Товар 25
M06,TL01,"2025-07",298869,81645,0,382.0000,1,0.00,Товары для дома,ART0001,Товар 1
M06,TL01,"2025-07",298869,81645,0,692.0000,1,0.00,Товары для дома,ART0017,Товар 17
M06,TL01,"2025-07",298869,81645,7138,1914.0000,2,3569.00,Товары для дома,ART0023,Товар 23
M06,TL01,"2025-07",298869,81645,0,10612.0000,1,0.00,Электроника,ART0002,Товар 2
M06,TL01,"2025-07",298869,81645,36438,7255.0000,1,36438.00,Электроника,ART0005,Товар 5
M06,TL01,"2025-07",298869,81645,46119,11390.0000,1,46119.00,Электроника,ART0010,Товар 10
M06,TL01,"2025-08",215580,26254,9066,1790.2500,2,4533.00,Аксессуары,ART0003,Товар 3
M06,TL01,"2025-08",215580,26254,0,3664.0000,1,0.00,Аксессуары,ART0007,Товар 7
M06,TL01,"2025-08",215580,26254,0,1966.0000,1,0.00,Аксессуары,ART0008,Товар 8
M06,TL01,"2025-08",215580,26254,50382,8003.0000,3,16794.00,Аксессуары,ART0026,Товар 26
M06,TL01,"2025-08",215580,26254,80727,17830.0000,3,26909.00,Обувь,ART0006,Товар 6
M06,TL01,"2025-08",215580,26254,34180,5386.0000,1,34180.00,Обувь,ART0014,Товар 14
M06,TL01,"2025-08",215580,26254,15412,1207.3333,1,15412.00,Обувь,ART0016,Товар 16
M06,TL01,"2025-08",215580,26254,3732,1072.0000,1,3732.00,Обувь,ART0021,Товар 21
M06,TL01,"2025-08",215580,26254,0,1177.0000,1,0.00,Обувь,ART0028,Товар 28
M06,TL01,"2025-08",215580,26254,45380,11671.0000,3,15126.67,Одежда,ART0025,Товар 25
M06,TL01,"2025-08",215580,26254,9123,1516.0000,1,9123.00,Товары для дома,ART0001,Товар 1
M06,TL01,"2025-08",215580,26254,6544,1803.0000,1,6544.00,Товары для дома,ART0015,Товар 15
M06,TL01,"2025-08",215580,26254,11453,3635.6000,1,11453.00,Товары для дома,ART0017,Товар 17
M06,TL01,"2025-08",215580,26254,9685,6233.0000,2,4842.50,Электроника,ART0002,Товар 2
M06,TL01,"2025-08",215580,26254,9006,660.0000,1,9006.00,Электроника,ART0005,Товар 5
M06,TL01,"2025-08",215580,26254,23876,7350.0000,1,23876.00,Электроника,ART0022,Товар 22
M06,TL01,"2025-09",417380,108503,25482,6612.0000,1,25482.00,Аксессуары,ART0007,Товар 7
M06,TL01,"2025-09",417380,108503,9948,1492.0000,1,9948.00,Аксессуары,ART0009,Товар 9
M06,TL01,"2025-09",417380,108503,6313,2021.0000,1,6313.00,Аксессуары,ART0012,Товар 12
M06,TL01,"2025-09",417380,108503,39316,2685.0000,1,39316.00,Обувь,ART0016,Товар 16
M06,TL01,"2025-09",417380,108503,18723,2273.0000,1,18723.00,Обувь,ART0028,Товар 28
M06,TL01,"2025-09",417380,108503,1974,194.0000,1,1974.00,Одежда,ART0024,Товар 24
M06,TL01,"2025-09",417380,108503,14860,4807.0000,1,14860.00,Товары для дома,ART0001,Товар 1
M06,TL01,"2025-09",417380,108503,8640,1951.0000,1,8640.00,Товары для дома,ART0015,Товар 15
M06,TL01,"2025-09",417380,108503,56494,16613.0000,2,28247.00,Товары для дома,ART0020,Товар 20
M06,TL01,"2025-09",417380,108503,5615,576.0000,1,5615.00,Товары для дома,ART0023,Товар 23
M06,TL01,"2025-09",417380,108503,11818,3912.0000,2,5909.00,Электроника,ART0002,Товар 2
M06,TL01,"2025-09",417380,108503,17465,7230.0000,2,8732.50,Электроника,ART0010,Товар 10
M06,TL01,"2025-09",417380,108503,106102,25482.0000,2,53051.00,Электроника,ART0013,Товар 13
M06,TL01,"2025-10",176745,25207,0,0.0000,0,,,,
