order_line_id,order_id,article,quantity,price,line_sum,line_margin
OL000001,O00001,ART0006,1,6766,6766,2149.25
OL000002,O00001,ART0020,1,5269,5269,313.69
OL000003,O00002,ART0030,2,3005,6010,348.34
OL000004,O00002,ART0019,2,11969,23938,6233.4
OL000005,O00003,ART0011,4,3518,14072,4120.69
OL000006,O00003,ART0004,1,16003,16003,1566.66
OL000007,O00004,ART0011,3,2408,7224,2435.67
OL000008,O00004,ART0009,3,1947,5841,957.8
OL000009,O00004,ART0014,3,9580,28740,6642.33
OL000010,O00005,ART0027,5,9959,49795,16267.46
OL000011,O00005,ART0008,1,4118,4118,1230.55
OL000012,O00005,ART0020,5,6398,31990,5070.11
OL000013,O00005,ART0016,2,13486,26972,1719.39
OL000014,O00006,ART0011,1,4199,4199,1301.46
OL000015,O00006,ART0004,4,11021,44084,10611.25
OL000016,O00006,ART0005,3,4028,12084,1892.13
OL000017,O00007,ART0027,5,15539,77695,16334.75
OL000018,O00008,ART0030,4,2712,10848,3762.7
OL000019,O00008,ART0003,5,688,3440,506.66
OL000020,O00009,ART0027,1,17400,17400,2964.08
OL000021,O00009,ART0010,1,10151,10151,3378.99
OL000022,O00010,ART0024,4,894,3576,1159.93
OL000023,O00010,ART0021,4,1170,4680,430.04
OL000024,O00011,ART0016,5,10724,53620,6208.99
OL000025,O00011,ART0004,2,13420,26840,2074.0
OL000026,O00011,ART0004,1,17063,17063,1635.53
OL000027,O00011,ART0022,2,5882,11764,2078.09
OL000028,O00012,ART0014,4,8104,32416,6172.49
OL000029,O00012,ART0009,3,3854,11562,3563.8
OL000030,O00012,ART0030,1,3413,3413,287.94
OL000031,O00012,ART0022,5,5728,28640,8035.8
OL000032,O00013,ART0008,3,3757,11271,2097.73
OL000033,O00014,ART0022,5,6331,31655,9849.63
OL000034,O00014,ART0012,3,7978,23934,4841.82
OL000035,O00015,ART0015,3,2050,6150,1302.65
OL000036,O00015,ART0001,5,3042,15210,3493.48
OL000037,O00016,ART0010,1,17465,17465,5477.31
OL000038,O00017,ART0023,1,3393,3393,747.16
OL000039,O00017,ART0030,1,2028,2028,397.08
OL000040,O00018,ART0030,2,3365,6730,2248.19
OL000041,O00018,ART0010,2,10702,21404,6672.27
OL000042,O00019,ART0027,5,16855,84275,21655.33
OL000043,O00019,ART0016,3,10721,32163,8089.19
OL000044,O00020,ART0023,5,4089,20445,2542.78
OL000045,O00020,ART0028,1,4581,4581,1037.56
OL000046,O00020,ART0001,2,2452,4904,255.78
OL000047,O00020,ART0028,1,4136,4136,1330.25
OL000048,O00021,ART0030,5,2383,11915,2987.01
OL000049,O00022,ART0026,5,5956,29780,3659.94
OL000050,O00022,ART0018,4,14743,58972,6317.26
OL000051,O00023,ART0023,3,3997,11991,2279.58
OL000052,O00023,ART0024,1,1105,1105,381.5
OL000053,O00023,ART0023,1,2797,2797,750.89
OL000054,O00023,ART0009,1,2269,2269,242.93
OL000055,O00024,ART0026,4,4238,16952,3200.34
OL000056,O00024,ART0006,1,5685,5685,1753.28
OL000057,O00025,ART0001,5,2894,14470,4929.91
OL000058,O00026,ART0019,4,10132,40528,4625.23
OL000059,O00026,ART0018,4,15622,62488,6210.75
OL000060,O00027,ART0010,3,17439,52317,14938.53
OL000061,O00027,ART0015,3,1600,4800,1618.54
OL000062,O00027,ART0019,5,11537,57685,11306.34
OL000063,O00027,ART0019,2,8627,17254,5876.93
OL000064,O00028,ART0028,1,3407,3407,657.68
OL000065,O00028,ART0014,5,5532,27660,9355.54
OL000066,O00028,ART0026,1,7159,7159,505.11
OL000067,O00029,ART0011,4,2317,9268,2938.75
OL000068,O00029,ART0013,2,7366,14732,912.24
OL000069,O00030,ART0030,5,3145,15725,2278.72
OL000070,O00030,ART0013,3,5344,16032,4246.2
OL000071,O00030,ART0025,2,3445,6890,615.03
OL000072,O00030,ART0011,3,3180,9540,3135.85
OL000073,O00031,ART0002,4,4148,16592,3631.96
OL000074,O00032,ART0019,5,7961,39805,5157.14
OL000075,O00033,ART0019,2,9207,18414,1792.13
OL000076,O00034,ART0009,5,2380,11900,2963.3
OL000077,O00035,ART0010,1,17064,17064,4653.78
OL000078,O00035,ART0029,2,10874,21748,5033.55
OL000079,O00035,ART0016,3,8952,26856,6452.73
OL000080,O00036,ART0001,3,3018,9054,2750.89
OL000081,O00036,ART0014,1,8329,8329,2488.74
OL000082,O00036,ART0002,1,2327,2327,654.67
OL000083,O00036,ART0019,3,7550,22650,4134.77
OL000084,O00037,ART0007,1,5976,5976,1882.03
OL000085,O00038,ART0002,3,4034,12102,1142.77
OL000086,O00039,ART0010,3,11716,35148,11596.25
OL000087,O00040,ART0023,2,4851,9702,2426.28
OL000088,O00040,ART0007,3,10868,32604,10278.1
OL000089,O00040,ART0002,4,5187,20748,5702.45
OL000090,O00041,ART0006,2,7713,15426,886.01
OL000091,O00041,ART0016,3,14190,42570,7386.49
OL000092,O00042,ART0001,2,2807,5614,462.75
OL000093,O00042,ART0007,1,11413,11413,1332.24
OL000094,O00042,ART0016,4,10274,41096,12171.03
OL000095,O00043,ART0006,1,6689,6689,1134.05
OL000096,O00043,ART0023,3,5454,16362,5564.17
OL000097,O00044,ART0016,5,10727,53635,18468.94
OL000098,O00044,ART0012,5,5475,27375,1595.42
OL000099,O00044,ART0002,3,2843,8529,2889.29
OL000100,O00045,ART0024,1,1046,1046,160.78
OL000101,O00046,ART0016,5,16017,80085,6782.7
OL000102,O00046,ART0001,5,1741,8705,551.17
OL000103,O00046,ART0025,4,2580,10320,3381.58
OL000104,O00046,ART0024,5,1115,5575,1851.34
OL000105,O00047,ART0017,4,3819,15276,3807.87
OL000106,O00047,ART0030,3,3280,9840,2450.32
OL000107,O00047,ART0013,1,8127,8127,1138.57
OL000108,O00048,ART0021,3,1497,4491,622.89
OL000109,O00048,ART0006,2,4523,9046,2256.79
OL000110,O00048,ART0030,4,3406,13624,4371.15
OL000111,O00048,ART0023,5,4478,22390,3847.11
OL000112,O00049,ART0020,3,3813,11439,3268.44
OL000113,O00049,ART0016,5,13035,65175,12350.43
OL000114,O00049,ART0004,4,15141,60564,12315.82
OL000115,O00050,ART0028,3,5304,15912,3817.01
OL000116,O00051,ART0017,2,6509,13018,1528.21
OL000117,O00052,ART0002,1,2452,2452,846.38
OL000118,O00052,ART0014,5,9593,47965,3446.21
OL000119,O00053,ART0009,4,2808,11232,1383.73
OL000120,O00053,ART0009,1,3682,3682,1134.54
OL000121,O00054,ART0029,2,9882,19764,6668.17
OL000122,O00054,ART0028,5,5097,25485,5535.9
OL000123,O00054,ART0020,1,4756,4756,1381.26
OL000124,O00054,ART0002,5,5229,26145,5977.68
OL000125,O00055,ART0006,5,5698,28490,2784.82
OL000126,O00055,ART0015,4,1636,6544,1803.09
OL000127,O00055,ART0025,3,5084,15252,3147.86
OL000128,O00055,ART0005,2,4503,9006,659.64
OL000129,O00056,ART0023,3,3707,11121,3535.46
OL000130,O00056,ART0010,1,9411,9411,1123.47
OL000131,O00057,ART0002,1,3539,3539,528.25
OL000132,O00057,ART0009,4,2635,10540,1181.01
OL000133,O00058,ART0016,5,15671,78355,4376.88
OL000134,O00058,ART0005,5,4953,24765,1282.05
OL000135,O00058,ART0013,3,5853,17559,2932.28
OL000136,O00058,ART0014,4,7766,31064,8399.4
OL000137,O00059,ART0022,2,3946,7892,1544.41
OL000138,O00059,ART0011,4,2871,11484,2913.98
OL000139,O00059,ART0020,4,5781,23124,6986.96
OL000140,O00059,ART0001,2,3153,6306,1325.76
OL000141,O00060,ART0005,1,6067,6067,550.34
OL000142,O00061,ART0014,1,6135,6135,909.24
OL000143,O00061,ART0030,4,2590,10360,2883.9
OL000144,O00062,ART0009,4,2277,9108,679.2
OL000145,O00062,ART0005,1,6518,6518,427.75
OL000146,O00062,ART0001,3,1802,5406,381.59
OL000147,O00063,ART0028,2,4015,8030,450.6
OL000148,O00064,ART0003,2,862,1724,145.36
OL000149,O00064,ART0025,2,4099,8198,1040.11
OL000150,O00065,ART0012,5,6829,34145,9368.63
OL000151,O00065,ART0017,1,6978,6978,691.73
OL000152,O00066,ART0004,5,8407,42035,6035.69
OL000153,O00067,ART0003,2,589,1178,302.96
OL000154,O00067,ART0022,2,3309,6618,1864.58
OL000155,O00067,ART0030,5,3704,18520,5349.84
OL000156,O00067,ART0013,5,8466,42330,6525.64
OL000157,O00068,ART0028,1,5265,5265,802.22
OL000158,O00068,ART0004,4,16661,66644,5442.26
OL000159,O00068,ART0014,3,8337,25011,7468.59
OL000160,O00069,ART0008,2,4677,9354,3177.01
OL000161,O00069,ART0025,3,4593,13779,4490.37
OL000162,O00069,ART0027,4,13679,54716,16290.07
OL000163,O00069,ART0019,5,8401,42005,12833.11
OL000164,O00070,ART0015,4,1363,5452,1032.68
OL000165,O00070,ART0030,5,3384,16920,2553.55
OL000166,O00070,ART0023,4,5409,21636,2262.09
OL000167,O00071,ART0008,3,3466,10398,3265.97
OL000168,O00071,ART0013,3,7241,21723,4452.96
OL000169,O00071,ART0027,2,9530,19060,5070.39
OL000170,O00072,ART0011,4,3663,14652,2890.05
OL000171,O00072,ART0008,1,2705,2705,315.08
OL000172,O00073,ART0023,5,3816,19080,4122.08
OL000173,O00073,ART0023,3,4003,12009,3287.83
OL000174,O00073,ART0018,3,10526,31578,5877.41
OL000175,O00074,ART0014,2,5316,10632,1145.87
OL000176,O00074,ART0009,1,3353,3353,1124.14
OL000177,O00074,ART0001,2,1744,3488,947.28
OL000178,O00075,ART0007,1,11233,11233,1559.97
OL000179,O00075,ART0003,3,660,1980,107.4
OL000180,O00075,ART0029,5,9376,46880,2984.13
OL000181,O00076,ART0007,2,9881,19762,5451.1
OL000182,O00076,ART0006,1,7673,7673,1705.09
OL000183,O00076,ART0010,4,12878,51512,7840.73
OL000184,O00077,ART0025,4,2949,11796,821.04
OL000185,O00077,ART0011,4,2200,8800,2101.74
OL000186,O00077,ART0015,1,1241,1241,364.04
OL000187,O00078,ART0013,2,4881,9762,2726.85
OL000188,O00079,ART0004,4,17554,70216,9774.48
OL000189,O00079,ART0026,5,7766,38830,5498.87
OL000190,O00079,ART0020,5,3239,16195,5474.44
OL000191,O00079,ART0019,1,13814,13814,1551.81
OL000192,O00080,ART0008,1,2902,2902,296.42
OL000193,O00080,ART0006,1,4359,4359,752.17
OL000194,O00080,ART0019,5,10007,50035,2991.69
OL000195,O00081,ART0024,4,649,2596,311.59
OL000196,O00081,ART0015,3,2083,6249,1484.25
OL000197,O00081,ART0008,2,3727,7454,1590.45
OL000198,O00082,ART0022,2,3195,6390,637.57
OL000199,O00082,ART0010,3,14063,42189,12541.61
OL000200,O00082,ART0011,3,3134,9402,1792.11
OL000201,O00083,ART0011,3,3291,9873,1956.22
OL000202,O00083,ART0016,1,12522,12522,3967.31
OL000203,O00083,ART0029,3,14279,42837,2474.24
OL000204,O00083,ART0025,2,5727,11454,3445.22
OL000205,O00084,ART0020,5,3162,15810,4377.48
OL000206,O00084,ART0025,4,4275,17100,3123.64
OL000207,O00084,ART0007,3,6713,20139,4543.34
OL000208,O00085,ART0009,4,2487,9948,1492.13
OL000209,O00086,ART0003,3,819,2457,488.06
OL000210,O00086,ART0017,4,7137,28548,6138.65
OL000211,O00087,ART0012,3,5089,15267,1294.28
OL000212,O00088,ART0026,5,5456,27280,1807.61
OL000213,O00089,ART0013,5,8325,41625,9891.04
OL000214,O00089,ART0013,1,5340,5340,1146.85
OL000215,O00089,ART0007,3,8494,25482,6611.94
OL000216,O00090,ART0011,5,4056,20280,5332.32
OL000217,O00091,ART0011,5,3054,15270,1792.85
OL000218,O00092,ART0012,1,7027,7027,675.94
OL000219,O00092,ART0027,3,14160,42480,5608.53
OL000220,O00092,ART0008,4,5436,21744,2677.11
OL000221,O00092,ART0029,5,9561,47805,5123.89
OL000222,O00093,ART0002,1,3131,3131,898.6
OL000223,O00093,ART0015,4,1490,5960,1706.44
OL000224,O00094,ART0021,3,1904,5712,1720.7
OL000225,O00095,ART0018,4,12255,49020,7526.39
OL000226,O00095,ART0024,5,1172,5860,956.14
OL000227,O00096,ART0003,2,929,1858,223.09
OL000228,O00096,ART0025,4,2718,10872,2972.53
OL000229,O00097,ART0008,2,3943,7886,481.88
OL000230,O00097,ART0005,5,7437,37185,5562.82
OL000231,O00097,ART0019,1,13229,13229,2408.89
OL000232,O00097,ART0010,5,17275,86375,4716.44
OL000233,O00098,ART0023,2,2844,5688,1617.99
OL000234,O00098,ART0028,3,4583,13749,3544.65
OL000235,O00098,ART0028,1,6675,6675,2040.56
OL000236,O00098,ART0028,5,4752,23760,3445.16
OL000237,O00099,ART0014,5,5010,25050,5995.68
OL000238,O00100,ART0006,1,5643,5643,448.8
OL000239,O00100,ART0014,1,7211,7211,1861.88
OL000240,O00101,ART0021,3,1993,5979,825.16
OL000241,O00102,ART0012,2,5049,10098,1753.17
OL000242,O00102,ART0016,2,8648,17296,1274.55
OL000243,O00102,ART0021,4,1770,7080,865.52
OL000244,O00102,ART0024,5,703,3515,662.03
OL000245,O00103,ART0014,3,8520,25560,8170.83
OL000246,O00103,ART0014,4,9895,39580,10024.95
OL000247,O00103,ART0021,2,1083,2166,722.51
OL000248,O00103,ART0002,5,3198,15990,5414.35
OL000249,O00104,ART0030,3,2293,6879,1137.84
OL000250,O00104,ART0011,4,2283,9132,1501.39
OL000251,O00104,ART0004,3,14096,42288,14708.09
OL000252,O00104,ART0026,3,3532,10596,3168.32
OL000253,O00105,ART0019,1,10772,10772,2754.83
OL000254,O00105,ART0018,1,15697,15697,4293.94
OL000255,O00105,ART0005,3,6632,19896,2368.33
OL000256,O00106,ART0002,2,4147,8294,2101.11
OL000257,O00106,ART0027,2,15466,30932,9929.83
OL000258,O00107,ART0001,4,1462,5848,932.51
OL000259,O00107,ART0026,2,3830,7660,1061.16
OL000260,O00107,ART0001,4,1716,6864,615.34
OL000261,O00108,ART0017,2,4653,9306,2767.67
OL000262,O00108,ART0014,4,10283,41132,5698.53
OL000263,O00108,ART0013,3,8583,25749,4905.17
OL000264,O00109,ART0014,2,9654,19308,5160.35
OL000265,O00109,ART0002,4,5168,20672,6023.33
OL000266,O00110,ART0026,4,3497,13988,2951.07
OL000267,O00111,ART0003,3,938,2814,834.98
OL000268,O00111,ART0003,3,612,1836,220.59
OL000269,O00111,ART0017,1,6271,6271,2087.93
OL000270,O00112,ART0022,1,5298,5298,1002.81
OL000271,O00112,ART0008,3,4417,13251,1126.37
OL000272,O00113,ART0013,3,9618,28854,2447.86
OL000273,O00114,ART0010,4,12622,50488,12679.85
OL000274,O00114,ART0003,5,824,4120,1123.44
OL000275,O00115,ART0017,1,7227,7227,1696.15
OL000276,O00115,ART0002,3,2413,7239,1166.63
OL000277,O00115,ART0008,4,3787,15148,1830.39
OL000278,O00115,ART0030,3,2060,6180,1580.25
OL000279,O00116,ART0029,4,10910,43640,14857.76
OL000280,O00117,ART0027,2,15613,31226,7155.24
OL000281,O00118,ART0027,3,11258,33774,2964.59
OL000282,O00119,ART0008,5,3056,15280,1753.92
OL000283,O00120,ART0021,2,1983,3966,907.4
OL000284,O00120,ART0016,3,14878,44634,4169.1
OL000285,O00120,ART0011,2,3393,6786,1964.91
OL000286,O00121,ART0003,2,548,1096,314.55
OL000287,O00122,ART0009,1,2105,2105,138.34
OL000288,O00122,ART0002,4,3867,15468,4233.59
OL000289,O00122,ART0006,4,5709,22836,3622.06
OL000290,O00123,ART0015,5,1334,6670,1564.33
OL000291,O00123,ART0022,5,4053,20265,4924.44
OL000292,O00123,ART0024,1,641,641,124.16
OL000293,O00123,ART0013,4,6542,26168,2155.94
OL000294,O00124,ART0017,1,4944,4944,467.21
OL000295,O00125,ART0027,5,15519,77595,16644.67
OL000296,O00125,ART0008,3,3591,10773,2469.36
OL000297,O00125,ART0016,3,11216,33648,7793.82
OL000298,O00126,ART0029,5,15483,77415,8864.55
OL000299,O00127,ART0004,4,11652,46608,8671.4
OL000300,O00127,ART0010,4,15433,61732,8874.87
OL000301,O00128,ART0025,3,5700,17100,4378.39
OL000302,O00128,ART0011,4,2182,8728,2614.31
OL000303,O00128,ART0022,1,4539,4539,1240.86
OL000304,O00129,ART0014,5,4960,24800,8357.29
OL000305,O00129,ART0010,5,11359,56795,4922.39
OL000306,O00130,ART0016,1,15874,15874,3652.97
OL000307,O00130,ART0022,3,3315,9945,2011.12
OL000308,O00130,ART0029,2,14824,29648,3476.92
OL000309,O00130,ART0021,1,1431,1431,310.35
OL000310,O00131,ART0004,5,10484,52420,9369.22
OL000311,O00131,ART0021,5,2217,11085,3275.93
OL000312,O00131,ART0006,5,6758,33790,7333.17
OL000313,O00132,ART0017,2,4726,9452,2634.49
OL000314,O00133,ART0011,1,2475,2475,230.11
OL000315,O00133,ART0010,4,8711,34844,9487.7
OL000316,O00133,ART0009,1,1924,1924,402.39
OL000317,O00134,ART0016,4,10195,40780,6566.23
OL000318,O00134,ART0003,3,1069,3207,706.43
OL000319,O00134,ART0007,1,11585,11585,1119.97
OL000320,O00134,ART0024,5,632,3160,235.34
OL000321,O00135,ART0018,4,12888,51552,8983.2
OL000322,O00135,ART0019,2,12279,24558,2066.44
OL000323,O00135,ART0015,4,1187,4748,1203.45
OL000324,O00135,ART0027,5,13917,69585,17405.98
OL000325,O00136,ART0005,4,7518,30072,1997.82
OL000326,O00136,ART0011,2,2782,5564,630.79
OL000327,O00137,ART0013,3,6012,18036,943.62
OL000328,O00137,ART0030,4,2238,8952,1468.69
OL000329,O00137,ART0012,2,6304,12608,3782.48
OL000330,O00138,ART0027,4,18020,72080,4518.74
OL000331,O00139,ART0012,1,8078,8078,1799.19
OL000332,O00139,ART0025,5,3900,19500,4719.83
OL000333,O00139,ART0028,3,3672,11016,619.73
OL000334,O00139,ART0027,3,10474,31422,10503.88
OL000335,O00140,ART0017,1,5455,5455,446.0
OL000336,O00140,ART0006,4,6360,25440,5270.88
OL000337,O00140,ART0027,4,18116,72464,19836.4
OL000338,O00141,ART0006,2,3988,7976,1913.98
OL000339,O00141,ART0018,5,11990,59950,19290.52
OL000340,O00141,ART0019,3,9060,27180,9172.35
OL000341,O00142,ART0001,1,1663,1663,181.57
OL000342,O00142,ART0021,5,1182,5910,1641.48
OL000343,O00143,ART0019,4,9960,39840,8729.77
OL000344,O00143,ART0028,5,5033,25165,8235.15
OL000345,O00144,ART0006,2,5670,11340,2162.27
OL000346,O00144,ART0012,3,7756,23268,5291.75
OL000347,O00144,ART0023,3,4274,12822,1835.11
OL000348,O00145,ART0020,1,4420,4420,601.66
OL000349,O00146,ART0028,4,5569,22276,7490.74
OL000350,O00146,ART0012,1,6057,6057,1774.37
OL000351,O00146,ART0029,2,11379,22758,4385.21
OL000352,O00146,ART0028,2,7107,14214,2631.82
OL000353,O00147,ART0003,5,980,4900,302.54
OL000354,O00148,ART0008,5,4028,20140,1966.14
OL000355,O00148,ART0001,3,3041,9123,1516.47
OL000356,O00148,ART0028,3,5970,17910,1176.86
OL000357,O00148,ART0016,3,7706,23118,1811.34
OL000358,O00149,ART0010,3,15373,46119,11389.97
OL000359,O00149,ART0002,5,4891,24455,3668.46
OL000360,O00149,ART0002,5,4273,21365,6944.14
OL000361,O00150,ART0022,2,5147,10294,3411.44
OL000362,O00150,ART0023,3,4444,13332,3240.32
OL000363,O00150,ART0009,3,3507,10521,2641.14
OL000364,O00150,ART0009,5,1928,9640,2420.96
OL000365,O00151,ART0002,1,3385,3385,352.31
OL000366,O00151,ART0013,2,6086,12172,3406.3
OL000367,O00151,ART0015,2,1340,2680,244.6
OL000368,O00152,ART0011,1,3310,3310,701.49
OL000369,O00152,ART0015,5,1090,5450,823.11
OL000370,O00152,ART0014,5,5377,26885,4382.68
OL000371,O00153,ART0004,5,16523,82615,8233.56
OL000372,O00153,ART0011,4,2122,8488,1352.05
OL000373,O00154,ART0030,5,2492,12460,3421.03
OL000374,O00154,ART0005,4,4331,17324,2109.21
OL000375,O00154,ART0010,4,17209,68836,7448.39
OL000376,O00154,ART0030,5,4121,20605,3884.12
OL000377,O00155,ART0009,5,2880,14400,4894.28
OL000378,O00155,ART0027,2,17358,34716,3177.19
OL000379,O00155,ART0005,3,3559,10677,2073.23
OL000380,O00155,ART0019,3,10682,32046,2588.58
OL000381,O00156,ART0024,3,658,1974,193.64
OL000382,O00157,ART0025,4,2875,11500,3716.24
OL000383,O00157,ART0006,4,7728,30912,10174.42
OL000384,O00158,ART0013,4,6951,27804,3356.87
OL000385,O00159,ART0028,2,3318,6636,2184.89
OL000386,O00159,ART0001,3,2815,8445,770.86
OL000387,O00159,ART0019,3,13574,40722,7807.89
OL000388,O00160,ART0021,4,1765,7060,2271.61
OL000389,O00160,ART0023,1,3443,3443,1034.58
OL000390,O00160,ART0017,5,7703,38515,8961.06
OL000391,O00160,ART0021,4,1130,4520,616.67
OL000392,O00161,ART0006,1,4738,4738,1145.11
OL000393,O00162,ART0015,1,2148,2148,429.49
OL000394,O00163,ART0016,2,9746,19492,983.75
OL000395,O00163,ART0030,3,2389,7167,1254.01
OL000396,O00164,ART0010,1,17712,17712,3776.63
OL000397,O00164,ART0025,5,4391,21955,3669.47
OL000398,O00164,ART0016,4,7504,30016,4984.59
OL000399,O00165,ART0006,1,5287,5287,371.51
OL000400,O00165,ART0006,2,7026,14052,3351.08
OL000401,O00165,ART0016,5,13763,68815,10305.43
OL000402,O00166,ART0029,5,11554,57770,14028.79
OL000403,O00166,ART0019,4,14079,56316,10900.49
OL000404,O00166,ART0008,2,4917,9834,677.86
OL000405,O00167,ART0021,3,1244,3732,1072.33
OL000406,O00168,ART0021,3,1639,4917,1704.9
OL000407,O00168,ART0012,5,6173,30865,1882.34
OL000408,O00168,ART0027,2,11723,23446,7236.41
OL000409,O00169,ART0026,3,3980,11940,1915.24
OL000410,O00169,ART0022,4,5700,22800,7259.32
OL000411,O00169,ART0026,4,4919,19676,2086.54
OL000412,O00170,ART0030,5,2450,12250,916.1
OL000413,O00170,ART0002,4,2549,10196,2352.58
OL000414,O00170,ART0016,2,12046,24092,3526.19
OL000415,O00171,ART0020,3,4182,12546,2895.45
OL000416,O00171,ART0011,4,2437,9748,1785.57
OL000417,O00171,ART0026,4,3621,14484,4504.69
OL000418,O00172,ART0026,3,6233,18699,5374.9
OL000419,O00172,ART0001,1,1536,1536,370.57
OL000420,O00172,ART0007,3,9015,27045,7436.55
OL000421,O00172,ART0020,2,6656,13312,1235.8
OL000422,O00173,ART0015,2,1129,2258,640.27
OL000423,O00174,ART0019,4,13829,55316,3303.23
OL000424,O00174,ART0025,2,4800,9600,3212.61
OL000425,O00174,ART0012,3,6028,18084,1321.32
OL000426,O00175,ART0010,4,11204,44816,5987.73
OL000427,O00175,ART0028,1,3308,3308,350.03
OL000428,O00175,ART0007,5,8139,40695,8891.93
OL000429,O00176,ART0014,4,5867,23468,5481.26
OL000430,O00176,ART0030,4,2295,9180,832.8
OL000431,O00176,ART0001,1,2209,2209,706.0
OL000432,O00177,ART0007,3,10089,30267,7956.05
OL000433,O00178,ART0006,2,6929,13858,4548.16
OL000434,O00178,ART0011,2,4042,8084,1638.03
OL000435,O00178,ART0005,1,7521,7521,2163.19
OL000436,O00179,ART0028,1,4674,4674,1036.15
OL000437,O00179,ART0029,4,16334,65336,14079.52
OL000438,O00179,ART0022,5,6225,31125,2170.17
OL000439,O00179,ART0026,4,7808,31232,8297.12
OL000440,O00180,ART0015,4,2131,8524,614.8
OL000441,O00180,ART0001,3,2549,7647,1414.64
OL000442,O00180,ART0005,5,4800,24000,7521.31
OL000443,O00180,ART0007,5,9894,49470,5174.01
OL000444,O00181,ART0018,5,15698,78490,5229.31
OL000445,O00181,ART0025,1,4273,4273,603.51
OL000446,O00181,ART0028,2,4518,9036,2374.66
OL000447,O00181,ART0012,3,8497,25491,5242.72
OL000448,O00182,ART0004,3,10175,30525,10284.04
OL000449,O00183,ART0001,3,2499,7497,584.98
OL000450,O00183,ART0020,2,5274,10548,2364.8
OL000451,O00184,ART0025,5,2710,13550,4188.77
OL000452,O00184,ART0007,1,5769,5769,1398.61
OL000453,O00184,ART0028,5,4282,21410,2424.52
OL000454,O00185,ART0003,4,1146,4584,979.48
OL000455,O00186,ART0013,2,8585,17170,4386.89
OL000456,O00186,ART0017,3,5531,16593,4257.5
OL000457,O00186,ART0008,2,3772,7544,1473.16
OL000458,O00186,ART0016,2,10189,20378,1897.2
OL000459,O00187,ART0029,4,9419,37676,6071.94
OL000460,O00187,ART0018,5,8253,41265,5055.84
OL000461,O00187,ART0001,1,1879,1879,233.7
OL000462,O00188,ART0002,3,5103,15309,4734.3
OL000463,O00189,ART0010,2,16287,32574,10753.51
OL000464,O00189,ART0018,3,9027,27081,2648.6
OL000465,O00190,ART0008,4,5125,20500,4083.83
OL000466,O00190,ART0017,1,7725,7725,1557.62
OL000467,O00190,ART0008,2,3081,6162,960.46
OL000468,O00190,ART0017,1,4762,4762,1091.72
OL000469,O00191,ART0011,5,2031,10155,835.24
OL000470,O00191,ART0001,2,2977,5954,1597.17
OL000471,O00191,ART0028,4,4695,18780,3195.88
OL000472,O00192,ART0016,5,9722,48610,8064.62
OL000473,O00192,ART0026,4,6779,27116,3631.27
OL000474,O00192,ART0023,5,4846,24230,2075.14
OL000475,O00193,ART0014,3,9271,27813,4219.94
OL000476,O00193,ART0020,3,5899,17697,1941.67
OL000477,O00193,ART0005,5,5042,25210,1564.95
OL000478,O00193,ART0020,1,3533,3533,529.64
OL000479,O00194,ART0005,2,5912,11824,2419.8
OL000480,O00194,ART0013,3,9269,27807,4047.56
OL000481,O00194,ART0004,4,18405,73620,20009.61
OL000482,O00194,ART0022,3,5142,15426,3119.05
OL000483,O00195,ART0007,5,7534,37670,11102.28
OL000484,O00195,ART0017,3,4985,14955,1239.49
OL000485,O00195,ART0010,4,13947,55788,16124.21
OL000486,O00195,ART0010,1,14082,14082,1825.86
OL000487,O00196,ART0027,5,13849,69245,14352.39
OL000488,O00197,ART0002,2,2409,4818,1611.44
OL000489,O00197,ART0022,1,3640,3640,663.61
OL000490,O00198,ART0002,4,4352,17408,3013.55
OL000491,O00198,ART0016,5,15440,77200,24074.46
OL000492,O00199,ART0011,5,2541,12705,1874.18
OL000493,O00199,ART0011,4,3355,13420,1934.17
OL000494,O00200,ART0018,5,10438,52190,8156.57
OL000495,O00200,ART0004,3,14462,43386,4671.77
OL000496,O00200,ART0012,2,5220,10440,1456.9
OL000497,O00200,ART0020,3,5961,17883,4675.87
OL000498,O00201,ART0011,4,2903,11612,3833.24
OL000499,O00201,ART0012,3,5263,15789,3505.84
OL000500,O00201,ART0030,5,2713,13565,4667.01
OL000501,O00202,ART0009,3,1815,5445,1832.75
OL000502,O00202,ART0014,1,6640,6640,1213.21
OL000503,O00203,ART0021,2,1244,2488,526.39
OL000504,O00203,ART0008,5,4562,22810,2079.86
OL000505,O00203,ART0022,5,5691,28455,3465.38
OL000506,O00203,ART0001,1,2598,2598,543.79
OL000507,O00204,ART0005,1,5092,5092,1350.44
OL000508,O00205,ART0001,1,3124,3124,1072.7
OL000509,O00205,ART0020,2,4566,9132,3018.21
OL000510,O00206,ART0020,2,5902,11804,1607.39
OL000511,O00206,ART0020,3,5481,16443,5300.91
OL000512,O00206,ART0010,1,14646,14646,1752.63
OL000513,O00206,ART0023,1,5615,5615,575.65
OL000514,O00207,ART0021,4,1982,7928,839.52
OL000515,O00208,ART0006,1,5016,5016,1157.87
OL000516,O00209,ART0005,4,7538,30152,6422.08
OL000517,O00209,ART0020,4,6413,25652,2315.35
OL000518,O00209,ART0030,5,2918,14590,1573.44
OL000519,O00210,ART0025,2,4971,9942,2430.68
OL000520,O00210,ART0022,2,2981,5962,901.06
OL000521,O00210,ART0009,3,2969,8907,2468.89
OL000522,O00211,ART0009,4,2854,11416,867.86
OL000523,O00211,ART0004,1,10055,10055,926.91
OL000524,O00211,ART0030,3,4008,12024,625.84
OL000525,O00211,ART0004,4,10581,42324,11686.8
OL000526,O00212,ART0026,5,6597,32985,1762.41
OL000527,O00212,ART0007,3,10262,30786,2113.07
OL000528,O00212,ART0022,1,4664,4664,456.68
OL000529,O00213,ART0026,1,6229,6229,2069.22
OL000530,O00213,ART0027,3,15317,45951,5318.3
OL000531,O00213,ART0023,2,4177,8354,1557.97
OL000532,O00214,ART0022,5,6332,31660,8776.32
OL000533,O00214,ART0021,2,1949,3898,990.49
OL000534,O00214,ART0022,5,6184,30920,2305.43
OL000535,O00214,ART0023,4,4342,17368,2753.44
OL000536,O00215,ART0012,5,8278,41390,4579.68
OL000537,O00216,ART0021,3,2066,6198,1131.46
OL000538,O00216,ART0016,2,13598,27196,5348.05
OL000539,O00217,ART0017,1,5530,5530,1127.98
OL000540,O00217,ART0025,4,4423,17692,3850.47
OL000541,O00217,ART0003,3,1033,3099,523.06
OL000542,O00217,ART0005,1,6505,6505,1453.82
OL000543,O00218,ART0008,3,4575,13725,2914.49
OL000544,O00218,ART0004,1,17824,17824,1260.26
OL000545,O00218,ART0019,4,6515,26060,4499.52
OL000546,O00218,ART0026,2,6785,13570,4661.29
OL000547,O00219,ART0006,4,5710,22840,7426.07
OL000548,O00219,ART0005,4,4932,19728,5027.07
OL000549,O00219,ART0013,5,4959,24795,7638.99
OL000550,O00220,ART0008,5,3628,18140,1600.02
OL000551,O00220,ART0007,2,11248,22496,6228.1
OL000552,O00221,ART0005,5,5138,25690,4207.58
OL000553,O00221,ART0025,2,3386,6772,1041.86
OL000554,O00221,ART0026,3,4260,12780,3994.55
OL000555,O00221,ART0013,1,4415,4415,1095.18
OL000556,O00222,ART0001,2,1522,3044,694.59
OL000557,O00222,ART0014,4,8115,32460,8471.6
OL000558,O00223,ART0001,1,2120,2120,255.04
OL000559,O00223,ART0011,2,3941,7882,2229.18
OL000560,O00224,ART0002,2,4721,9442,2544.2
OL000561,O00224,ART0025,3,4467,13401,3775.89
OL000562,O00224,ART0025,3,3351,10053,3145.36
OL000563,O00225,ART0016,4,9829,39316,2684.78
OL000564,O00225,ART0001,5,2972,14860,4806.81
OL000565,O00226,ART0025,1,5761,5761,1915.39
OL000566,O00226,ART0016,4,14221,56884,8283.47
OL000567,O00226,ART0021,4,1504,6016,842.04
OL000568,O00226,ART0004,2,15957,31914,6129.26
OL000569,O00227,ART0003,2,1089,2178,706.59
OL000570,O00227,ART0030,5,2790,13950,2440.59
OL000571,O00227,ART0013,5,4965,24825,3049.94
OL000572,O00228,ART0021,1,2152,2152,654.51
OL000573,O00228,ART0010,1,13457,13457,4021.25
OL000574,O00228,ART0001,1,1881,1881,474.2
OL000575,O00229,ART0030,2,3702,7404,1675.34
OL000576,O00230,ART0027,2,18104,36208,5427.19
OL000577,O00230,ART0028,1,4066,4066,435.09
OL000578,O00230,ART0002,1,4518,4518,1248.32
OL000579,O00230,ART0028,2,6039,12078,3153.94
OL000580,O00231,ART0014,5,6495,32475,4381.45
OL000581,O00231,ART0009,4,2894,11576,1826.44
OL000582,O00232,ART0030,5,3884,19420,3685.94
OL000583,O00232,ART0026,4,6767,27068,3953.82
OL000584,O00232,ART0030,2,2692,5384,937.78
OL000585,O00233,ART0004,1,10843,10843,3582.83
OL000586,O00233,ART0017,5,6720,33600,4655.54
OL000587,O00234,ART0004,2,12076,24152,7245.81
OL000588,O00234,ART0022,4,4982,19928,6636.81
OL000589,O00234,ART0005,3,4430,13290,3940.19
OL000590,O00235,ART0022,2,5661,11322,1762.3
OL000591,O00235,ART0016,2,13628,27256,5355.66
OL000592,O00235,ART0013,5,9587,47935,16162.3
OL000593,O00235,ART0008,5,2523,12615,3835.08
OL000594,O00236,ART0030,4,2149,8596,2056.25
OL000595,O00237,ART0015,1,1330,1330,248.45
OL000596,O00237,ART0012,1,6881,6881,1720.43
OL000597,O00238,ART0006,1,3666,3666,790.0
OL000598,O00238,ART0010,1,8172,8172,2179.13
OL000599,O00238,ART0028,5,7188,35940,1981.83
OL000600,O00238,ART0018,4,14731,58924,19028.45
OL000601,O00239,ART0013,5,5045,25225,2713.7
OL000602,O00240,ART0014,3,6177,18531,3133.02
OL000603,O00240,ART0012,3,8555,25665,4817.3
OL000604,O00240,ART0016,2,16071,32142,3784.95
OL000605,O00241,ART0010,1,12130,12130,1979.02
OL000606,O00242,ART0024,1,1127,1127,84.31
OL000607,O00243,ART0006,5,8157,40785,13954.67
OL000608,O00243,ART0025,5,5587,27935,3322.31
OL000609,O00243,ART0024,5,955,4775,305.45
OL000610,O00244,ART0024,5,1021,5105,305.64
OL000611,O00244,ART0021,3,1009,3027,339.47
OL000612,O00244,ART0010,2,15664,31328,8264.75
OL000613,O00245,ART0003,3,649,1947,237.81
OL000614,O00246,ART0008,4,4745,18980,1745.88
OL000615,O00246,ART0026,1,5626,5626,1925.76
OL000616,O00246,ART0026,1,3863,3863,462.18
OL000617,O00247,ART0006,5,7193,35965,12100.69
OL000618,O00247,ART0021,4,2210,8840,1307.55
OL000619,O00247,ART0012,3,7693,23079,4273.42
OL000620,O00248,ART0010,5,17588,87940,15790.01
OL000621,O00248,ART0023,5,4780,23900,1809.43
OL000622,O00248,ART0009,5,2371,11855,1469.25
OL000623,O00249,ART0017,3,4195,12585,3316.19
OL000624,O00250,ART0024,3,868,2604,201.7
OL000625,O00250,ART0022,3,4587,13761,3831.12
OL000626,O00250,ART0022,1,3423,3423,363.58
OL000627,O00250,ART0020,4,5141,20564,4189.55
OL000628,O00251,ART0008,1,3508,3508,273.34
OL000629,O00252,ART0001,1,1923,1923,319.87
OL000630,O00252,ART0026,1,6606,6606,1439.19
OL000631,O00252,ART0027,2,14850,29700,2995.98
OL000632,O00252,ART0005,4,4057,16228,2120.61
OL000633,O00253,ART0001,2,1515,3030,546.62
OL000634,O00253,ART0007,4,7534,30136,8582.73
OL000635,O00253,ART0029,3,10661,31983,3965.16
OL000636,O00253,ART0020,4,5282,21128,2295.86
OL000637,O00254,ART0017,3,3537,10611,1790.16
OL000638,O00254,ART0029,5,11979,59895,18487.16
OL000639,O00255,ART0022,4,5969,23876,7350.29
OL000640,O00255,ART0006,5,4265,21325,3117.71
OL000641,O00255,ART0026,2,5531,11062,1142.61
OL000642,O00256,ART0006,3,7035,21105,5062.47
OL000643,O00256,ART0022,5,5844,29220,4317.72
OL000644,O00256,ART0022,3,5973,17919,3008.25
OL000645,O00257,ART0014,5,10458,52290,5437.02
OL000646,O00257,ART0026,5,3554,17770,4765.27
OL000647,O00258,ART0026,3,7072,21216,1500.98
OL000648,O00258,ART0009,4,3200,12800,1174.45
OL000649,O00258,ART0009,3,2254,6762,1674.26
OL000650,O00258,ART0014,4,9237,36948,2667.26
OL000651,O00259,ART0002,5,3810,19050,6212.54
OL000652,O00259,ART0024,4,1006,4024,1155.76
OL000653,O00259,ART0004,3,15411,46233,13578.13
OL000654,O00259,ART0011,5,3644,18220,1375.51
OL000655,O00260,ART0024,2,1085,2170,137.34
OL000656,O00260,ART0020,4,6710,26840,4012.02
OL000657,O00260,ART0019,4,7106,28424,2262.04
OL000658,O00261,ART0029,4,11920,47680,9007.66
OL000659,O00261,ART0007,5,10246,51230,4878.3
OL000660,O00262,ART0019,1,8616,8616,2810.23
OL000661,O00262,ART0024,1,683,683,226.89
OL000662,O00262,ART0005,2,4816,9632,1472.93
OL000663,O00262,ART0021,2,1646,3292,508.58
OL000664,O00263,ART0023,4,3651,14604,2045.72
OL000665,O00263,ART0024,1,612,612,93.59
OL000666,O00263,ART0019,1,11659,11659,1157.81
OL000667,O00263,ART0011,2,3331,6662,1436.15
OL000668,O00264,ART0004,4,10543,42172,7233.1
OL000669,O00264,ART0018,2,8995,17990,4446.99
OL000670,O00264,ART0015,4,1079,4316,1010.95
OL000671,O00264,ART0030,2,2876,5752,1028.84
OL000672,O00265,ART0019,2,8480,16960,4428.73
OL000673,O00265,ART0027,1,14909,14909,4321.38
OL000674,O00266,ART0008,3,3025,9075,763.99
OL000675,O00266,ART0025,4,4304,17216,4161.67
OL000676,O00266,ART0001,5,2096,10480,1758.16
OL000677,O00267,ART0027,3,17842,53526,12589.79
OL000678,O00267,ART0015,3,2257,6771,1537.36
OL000679,O00267,ART0003,2,752,1504,182.84
OL000680,O00268,ART0020,3,5663,16989,3452.97
OL000681,O00268,ART0029,4,14204,56816,12638.25
OL000682,O00269,ART0025,4,4657,18628,4806.58
OL000683,O00269,ART0007,2,9305,18610,3664.17
OL000684,O00270,ART0012,3,7980,23940,5645.6
OL000685,O00270,ART0007,3,12060,36180,7068.95
OL000686,O00271,ART0021,5,1626,8130,1613.73
OL000687,O00271,ART0016,4,10871,43484,13130.76
OL000688,O00271,ART0010,4,9705,38820,8525.62
OL000689,O00271,ART0008,2,3318,6636,878.98
OL000690,O00272,ART0016,4,12229,48916,13782.78
OL000691,O00272,ART0023,4,4414,17656,1482.46
OL000692,O00273,ART0020,5,6160,30800,4929.8
OL000693,O00273,ART0017,1,6898,6898,1258.26
OL000694,O00273,ART0007,2,12324,24648,1989.71
OL000695,O00274,ART0028,1,5036,5036,778.43
OL000696,O00274,ART0015,1,1622,1622,564.76
OL000697,O00274,ART0019,2,7935,15870,4305.28
OL000698,O00275,ART0027,2,15333,30666,8753.76
OL000699,O00275,ART0024,2,1205,2410,532.66
OL000700,O00275,ART0001,5,1904,9520,2014.72
OL000701,O00275,ART0029,3,18136,54408,7496.9
OL000702,O00276,ART0007,2,12136,24272,6934.69
OL000703,O00277,ART0017,2,6637,13274,1192.1
OL000704,O00277,ART0017,2,6681,13362,3989.15
OL000705,O00277,ART0028,4,5198,20792,4641.35
OL000706,O00278,ART0007,4,8591,34364,8250.4
OL000707,O00278,ART0019,1,9473,9473,2604.51
OL000708,O00278,ART0003,3,849,2547,500.26
OL000709,O00278,ART0024,5,596,2980,841.08
OL000710,O00279,ART0018,3,15137,45411,13110.31
OL000711,O00279,ART0001,4,1791,7164,1281.59
OL000712,O00279,ART0017,2,5714,11428,1678.31
OL000713,O00279,ART0028,3,4580,13740,3069.24
OL000714,O00280,ART0021,1,1047,1047,249.03
OL000715,O00280,ART0007,4,5566,22264,7321.07
OL000716,O00280,ART0010,2,12496,24992,1254.67
OL000717,O00281,ART0011,2,4268,8536,1199.82
OL000718,O00281,ART0019,3,7006,21018,3323.59
OL000719,O00282,ART0020,2,3206,6412,1524.01
OL000720,O00282,ART0010,2,12374,24748,1914.5
OL000721,O00282,ART0016,1,7120,7120,1374.46
OL000722,O00283,ART0008,5,4512,22560,1190.85
OL000723,O00283,ART0017,3,7153,21459,7434.39
OL000724,O00284,ART0013,4,4623,18492,3049.72
OL000725,O00284,ART0011,1,2274,2274,364.45
OL000726,O00285,ART0028,4,6356,25424,7015.69
OL000727,O00285,ART0026,2,6242,12484,3160.21
OL000728,O00286,ART0010,5,14622,73110,13308.2
OL000729,O00287,ART0010,4,14277,57108,10434.5
OL000730,O00287,ART0017,2,3893,7786,623.97
OL000731,O00288,ART0016,3,15827,47481,6853.93
OL000732,O00288,ART0026,2,4520,9040,2200.21
OL000733,O00288,ART0017,2,5976,11952,2748.99
OL000734,O00288,ART0021,5,1349,6745,2241.93
OL000735,O00289,ART0011,2,3335,6670,1353.05
OL000736,O00289,ART0009,4,2372,9488,629.73
OL000737,O00289,ART0021,2,1613,3226,270.41
OL000738,O00290,ART0002,5,4936,24680,1323.34
OL000739,O00291,ART0007,2,8138,16276,4910.34
OL000740,O00291,ART0027,4,12591,50364,12836.91
OL000741,O00291,ART0029,4,17884,71536,20109.49
OL000742,O00292,ART0014,1,6146,6146,380.73
OL000743,O00293,ART0014,5,6289,31445,8294.84
OL000744,O00293,ART0005,4,5136,20544,3506.52
OL000745,O00293,ART0022,5,4933,24665,2363.01
OL000746,O00293,ART0026,1,4791,4791,974.45
OL000747,O00294,ART0006,5,5147,25735,5814.34
OL000748,O00294,ART0002,1,3231,3231,585.61
OL000749,O00295,ART0022,2,3250,6500,1172.24
OL000750,O00296,ART0002,3,4280,12840,3176.82
OL000751,O00297,ART0023,1,4936,4936,1285.58
OL000752,O00298,ART0027,3,14315,42945,12234.86
OL000753,O00298,ART0022,3,3551,10653,938.31
OL000754,O00298,ART0025,3,4977,14931,1275.36
OL000755,O00298,ART0005,1,4760,4760,851.08
OL000756,O00299,ART0015,3,1984,5952,1327.27
OL000757,O00300,ART0019,4,10333,41332,2754.02
OL000758,O00300,ART0003,5,652,3260,316.85
OL000759,O00300,ART0015,1,2224,2224,560.97
OL000760,O00300,ART0020,1,3883,3883,786.88
OL000761,O00301,ART0020,2,3184,6368,1013.74
OL000762,O00302,ART0002,1,3946,3946,1279.23
OL000763,O00302,ART0029,4,10382,41528,5169.36
OL000764,O00303,ART0013,1,7326,7326,628.72
OL000765,O00303,ART0014,1,5661,5661,1649.06
OL000766,O00303,ART0022,1,6486,6486,458.42
OL000767,O00304,ART0013,3,6008,18024,3891.88
OL000768,O00304,ART0013,1,6233,6233,856.9
OL000769,O00304,ART0019,3,12156,36468,4477.37
OL000770,O00305,ART0009,2,3330,6660,1425.03
OL000771,O00305,ART0006,2,4332,8664,2856.69
OL000772,O00305,ART0018,1,9427,9427,1451.07
OL000773,O00305,ART0020,1,6649,6649,335.37
OL000774,O00306,ART0020,1,3794,3794,1308.68
OL000775,O00306,ART0030,4,2974,11896,808.55
OL000776,O00306,ART0027,2,16378,32756,2551.95
OL000777,O00307,ART0022,3,4638,13914,3817.58
OL000778,O00307,ART0012,5,4320,21600,1945.17
OL000779,O00307,ART0009,4,1887,7548,1663.17
OL000780,O00307,ART0003,4,991,3964,353.64
OL000781,O00308,ART0017,3,7639,22917,3847.44
OL000782,O00308,ART0013,3,5958,17874,2351.98
OL000783,O00308,ART0011,1,4425,4425,401.94
OL000784,O00309,ART0027,1,10392,10392,1972.57
OL000785,O00309,ART0030,4,2110,8440,1329.18
OL000786,O00310,ART0023,3,4128,12384,3786.34
OL000787,O00310,ART0002,1,2781,2781,711.43
OL000788,O00310,ART0011,5,2114,10570,3179.22
OL000789,O00310,ART0001,3,1667,5001,1317.0
OL000790,O00311,ART0001,5,1489,7445,1039.71
OL000791,O00311,ART0021,2,1029,2058,352.57
OL000792,O00311,ART0010,4,13664,54656,11753.02
OL000793,O00311,ART0023,1,4124,4124,1200.78
OL000794,O00312,ART0016,1,7668,7668,2179.92
OL000795,O00313,ART0027,2,17603,35206,5691.82
OL000796,O00313,ART0007,1,9495,9495,1212.0
OL000797,O00314,ART0029,1,10107,10107,2464.05
OL000798,O00315,ART0018,3,8404,25212,8387.63
OL000799,O00316,ART0023,5,4028,20140,5384.01
OL000800,O00316,ART0017,4,3638,14552,3710.23
OL000801,O00317,ART0005,2,7195,14390,1906.6
OL000802,O00317,ART0026,4,7300,29200,1763.53
OL000803,O00317,ART0001,5,2503,12515,3055.96
OL000804,O00318,ART0009,5,2774,13870,1058.51
OL000805,O00318,ART0025,4,3024,12096,1328.59
OL000806,O00318,ART0018,5,9576,47880,16673.07
OL000807,O00318,ART0008,5,4865,24325,8436.42
OL000808,O00319,ART0015,5,2075,10375,1589.56
OL000809,O00319,ART0005,5,5471,27355,4555.0
OL000810,O00319,ART0012,2,3979,7958,1823.46
OL000811,O00319,ART0021,1,2118,2118,600.58
OL000812,O00320,ART0027,5,12503,62515,14078.17
OL000813,O00320,ART0028,2,7173,14346,1148.26
OL000814,O00320,ART0025,2,3448,6896,2033.53
OL000815,O00320,ART0020,1,5934,5934,1983.98
OL000816,O00321,ART0017,2,4292,8584,1955.06
OL000817,O00321,ART0016,3,15381,46143,2697.61
OL000818,O00321,ART0027,3,18958,56874,12460.07
OL000819,O00322,ART0004,5,11343,56715,11180.28
OL000820,O00322,ART0026,1,3682,3682,848.7
OL000821,O00322,ART0007,1,9107,9107,457.22
OL000822,O00322,ART0008,5,3039,15195,1354.59
OL000823,O00323,ART0008,1,2486,2486,561.79
OL000824,O00323,ART0027,2,17064,34128,10373.01
OL000825,O00323,ART0030,3,4065,12195,1976.53
OL000826,O00324,ART0016,3,9841,29523,2684.69
OL000827,O00325,ART0014,4,8417,33668,3442.92
OL000828,O00325,ART0020,5,5664,28320,9307.47
OL000829,O00325,ART0025,3,3306,9918,2248.26
OL000830,O00325,ART0016,2,10534,21068,5692.54
OL000831,O00326,ART0016,2,13706,27412,9173.05
OL000832,O00326,ART0006,5,5447,27235,9485.54
OL000833,O00327,ART0001,5,1970,9850,2882.52
OL000834,O00327,ART0006,5,4657,23285,5114.9
OL000835,O00328,ART0028,3,6241,18723,2272.95
OL000836,O00328,ART0002,3,2811,8433,2661.42
OL000837,O00329,ART0011,4,2039,8156,920.86
OL000838,O00329,ART0016,1,10282,10282,2941.74
OL000839,O00329,ART0002,1,2458,2458,446.04
OL000840,O00330,ART0026,4,5592,22368,3659.71
OL000841,O00330,ART0017,5,5182,25910,7737.82
OL000842,O00331,ART0001,4,1534,6136,1863.68
OL000843,O00331,ART0008,3,2480,7440,954.84
OL000844,O00332,ART0009,3,2096,6288,1022.66
OL000845,O00333,ART0022,3,5143,15429,3611.83
OL000846,O00334,ART0012,4,8472,33888,3371.83
OL000847,O00335,ART0030,1,2065,2065,230.59
OL000848,O00335,ART0025,2,3916,7832,1693.54
OL000849,O00336,ART0017,3,4567,13701,889.07
OL000850,O00336,ART0013,5,7208,36040,7110.13
OL000851,O00336,ART0004,1,11879,11879,2117.81
OL000852,O00337,ART0013,2,4765,9530,1068.18
OL000853,O00337,ART0021,3,2221,6663,1279.77
OL000854,O00337,ART0014,1,6417,6417,1086.01
OL000855,O00337,ART0030,4,3912,15648,2026.44
OL000856,O00338,ART0003,3,1144,3432,551.94
OL000857,O00338,ART0008,4,2556,10224,1859.97
OL000858,O00339,ART0009,3,2961,8883,846.9
OL000859,O00339,ART0013,1,4704,4704,720.36
OL000860,O00340,ART0009,5,1857,9285,1542.53
OL000861,O00340,ART0021,5,1517,7585,1597.81
OL000862,O00341,ART0020,4,4152,16608,2797.47
OL000863,O00341,ART0012,1,6313,6313,2021.02
OL000864,O00342,ART0001,4,1711,6844,2363.3
OL000865,O00343,ART0023,2,2738,5476,402.54
OL000866,O00343,ART0014,4,5793,23172,6876.74
OL000867,O00344,ART0009,3,3721,11163,3619.63
OL000868,O00344,ART0028,1,3557,3557,771.55
OL000869,O00344,ART0021,5,1400,7000,930.02
OL000870,O00345,ART0013,5,7413,37065,10545.2
OL000871,O00346,ART0023,2,3086,6172,1397.22
OL000872,O00346,ART0022,1,6377,6377,1395.32
OL000873,O00346,ART0029,1,16150,16150,5010.42
OL000874,O00346,ART0001,3,2969,8907,1151.15
OL000875,O00347,ART0024,1,725,725,123.9
OL000876,O00347,ART0022,5,5198,25990,6707.98
OL000877,O00347,ART0003,1,808,808,253.46
OL000878,O00347,ART0005,2,3546,7092,1365.67
OL000879,O00348,ART0004,1,11641,11641,3353.72
OL000880,O00348,ART0001,3,1902,5706,1126.85
OL000881,O00348,ART0021,1,2215,2215,262.23
OL000882,O00349,ART0016,3,9548,28644,5013.61
OL000883,O00349,ART0026,1,4258,4258,482.93
OL000884,O00349,ART0027,4,16698,66792,18558.02
OL000885,O00349,ART0013,3,8673,26019,5322.99
OL000886,O00350,ART0023,3,4942,14826,2535.48
OL000887,O00351,ART0026,2,4279,8558,2566.36
OL000888,O00352,ART0020,1,4756,4756,1547.65
OL000889,O00352,ART0013,2,5720,11440,3398.27
OL000890,O00353,ART0021,1,1848,1848,226.53
OL000891,O00353,ART0013,4,7448,29792,3076.77
OL000892,O00353,ART0006,4,6350,25400,3935.17
OL000893,O00353,ART0007,2,11268,22536,2875.55
OL000894,O00354,ART0017,1,5232,5232,517.3
OL000895,O00354,ART0005,5,6649,33245,3799.76
OL000896,O00354,ART0016,2,12968,25936,6569.81
OL000897,O00355,ART0015,5,1067,5335,1515.63
OL000898,O00355,ART0026,1,5509,5509,494.13
OL000899,O00355,ART0008,2,4269,8538,448.58
OL000900,O00355,ART0027,3,15248,45744,15228.25
OL000901,O00356,ART0009,4,3591,14364,2696.11
OL000902,O00356,ART0008,2,3855,7710,1951.85
OL000903,O00356,ART0022,5,4409,22045,1778.89
OL000904,O00356,ART0022,5,6655,33275,11311.69
OL000905,O00357,ART0022,3,5480,16440,3197.93
OL000906,O00357,ART0019,3,14139,42417,10272.48
OL000907,O00357,ART0021,3,1319,3957,1041.99
OL000908,O00358,ART0015,2,1725,3450,421.21
OL000909,O00358,ART0007,1,11044,11044,3210.59
OL000910,O00359,ART0014,2,8840,17680,4360.24
OL000911,O00359,ART0011,3,2674,8022,1408.42
OL000912,O00359,ART0013,4,8218,32872,7393.15
OL000913,O00360,ART0004,2,15252,30504,7366.54
OL000914,O00360,ART0003,4,1158,4632,1165.23
OL000915,O00360,ART0007,5,7537,37685,3806.03
OL000916,O00361,ART0009,1,2756,2756,750.39
OL000917,O00361,ART0029,5,15915,79575,8349.05
OL000918,O00361,ART0018,3,13327,39981,4664.83
OL000919,O00362,ART0024,4,1191,4764,711.72
OL000920,O00362,ART0028,3,5590,16770,3171.68
OL000921,O00362,ART0030,1,2924,2924,906.2
OL000922,O00363,ART0015,2,1703,3406,1056.71
OL000923,O00363,ART0009,4,2886,11544,2007.87
OL000924,O00363,ART0019,2,7357,14714,1619.85
OL000925,O00363,ART0008,4,5458,21832,6939.38
OL000926,O00364,ART0011,3,4217,12651,1317.06
OL000927,O00364,ART0016,1,11522,11522,2757.33
OL000928,O00365,ART0015,1,1046,1046,138.13
OL000929,O00365,ART0021,2,1716,3432,334.72
OL000930,O00365,ART0026,1,4002,4002,720.81
OL000931,O00366,ART0010,4,17834,71336,11770.08
OL000932,O00366,ART0005,1,5604,5604,1508.58
OL000933,O00366,ART0004,1,17383,17383,4816.04
OL000934,O00366,ART0021,5,1230,6150,1556.1
OL000935,O00367,ART0006,3,5079,15237,1231.34
OL000936,O00367,ART0005,5,5837,29185,2921.6
OL000937,O00368,ART0015,3,1644,4932,1016.42
OL000938,O00368,ART0023,5,3713,18565,5873.82
OL000939,O00368,ART0003,2,772,1544,494.72
OL000940,O00369,ART0019,2,13818,27636,8994.46
OL000941,O00369,ART0022,4,3000,12000,1407.56
OL000942,O00370,ART0001,1,2455,2455,247.21
OL000943,O00370,ART0011,3,3830,11490,3304.96
OL000944,O00371,ART0005,5,5984,29920,6827.06
OL000945,O00371,ART0023,1,4785,4785,1177.45
OL000946,O00371,ART0014,1,4891,4891,414.45
OL000947,O00372,ART0001,1,2379,2379,457.53
OL000948,O00372,ART0015,2,1312,2624,671.01
OL000949,O00372,ART0010,1,11069,11069,2750.64
OL000950,O00372,ART0023,5,3489,17445,4041.84
OL000951,O00373,ART0022,1,4836,4836,1137.96
OL000952,O00373,ART0013,3,4857,14571,1193.06
OL000953,O00373,ART0001,2,2489,4978,1410.7
OL000954,O00373,ART0010,5,17913,89565,14095.43
OL000955,O00374,ART0012,2,4045,8090,1609.15
OL000956,O00374,ART0002,2,4345,8690,1687.59
OL000957,O00374,ART0002,2,2324,4648,1168.93
OL000958,O00375,ART0025,2,5686,11372,3228.03
OL000959,O00375,ART0019,1,12029,12029,966.98
OL000960,O00375,ART0025,3,4686,14058,2629.2
OL000961,O00375,ART0030,3,2444,7332,476.76
OL000962,O00376,ART0030,3,2667,8001,2024.49
OL000963,O00377,ART0002,1,4826,4826,1530.26
OL000964,O00378,ART0011,2,2851,5702,1815.28
OL000965,O00378,ART0004,5,10921,54605,14739.0
OL000966,O00379,ART0010,2,9161,18322,3116.12
OL000967,O00379,ART0026,4,4625,18500,3065.72
OL000968,O00379,ART0019,4,12637,50548,12366.77
OL000969,O00380,ART0022,2,5524,11048,746.78
OL000970,O00381,ART0017,4,7573,30292,5900.96
OL000971,O00382,ART0014,5,6836,34180,5386.07
OL000972,O00382,ART0002,1,4859,4859,1525.65
OL000973,O00383,ART0022,4,3350,13400,2323.36
OL000974,O00383,ART0012,1,4162,4162,1025.9
OL000975,O00383,ART0019,1,11877,11877,3009.38
OL000976,O00383,ART0009,5,3311,16555,1940.17
OL000977,O00384,ART0019,4,11536,46144,5748.3
OL000978,O00385,ART0013,2,8771,17542,3815.44
OL000979,O00385,ART0002,5,2477,12385,3009.8
OL000980,O00385,ART0004,2,13379,26758,5105.07
OL000981,O00385,ART0016,4,14978,59912,4341.2
OL000982,O00386,ART0024,2,845,1690,225.53
OL000983,O00386,ART0025,5,3304,16520,4014.28
OL000984,O00386,ART0003,4,1097,4388,323.17
OL000985,O00387,ART0004,1,17016,17016,3132.99
OL000986,O00387,ART0012,1,8660,8660,2369.13
OL000987,O00387,ART0022,1,3311,3311,575.13
OL000988,O00387,ART0028,5,5441,27205,8100.9
OL000989,O00388,ART0029,4,17842,71368,11347.71
OL000990,O00388,ART0029,1,16467,16467,4994.36
OL000991,O00389,ART0018,3,13896,41688,3510.42
OL000992,O00389,ART0010,2,8024,16048,2512.18
OL000993,O00389,ART0026,3,5831,17493,2836.79
OL000994,O00389,ART0010,1,8468,8468,840.42
OL000995,O00390,ART0009,1,2281,2281,248.12
OL000996,O00390,ART0008,1,5282,5282,886.68
OL000997,O00390,ART0002,4,4747,18988,2035.01
OL000998,O00390,ART0004,3,9257,27771,4841.63
OL000999,O00391,ART0021,4,1819,7276,2450.97
OL001000,O00391,ART0011,2,4477,8954,459.35
OL001001,O00391,ART0001,1,2390,2390,429.83
OL001002,O00391,ART0002,5,3740,18700,3786.75
OL001003,O00392,ART0008,2,2737,5474,1353.48
OL001004,O00392,ART0002,5,4919,24595,4949.33
OL001005,O00393,ART0001,5,3037,15185,4232.25
OL001006,O00393,ART0014,3,6942,20826,3183.41
OL001007,O00393,ART0026,3,5416,16248,1462.51
OL001008,O00393,ART0014,4,8143,32572,10290.51
OL001009,O00394,ART0010,5,16768,83840,22097.06
OL001010,O00394,ART0025,5,4648,23240,2562.6
OL001011,O00394,ART0025,5,4916,24580,6292.07
OL001012,O00395,ART0020,5,5085,25425,6129.03
OL001013,O00395,ART0004,1,16023,16023,3503.97
OL001014,O00396,ART0024,4,1207,4828,998.52
OL001015,O00396,ART0016,1,10557,10557,695.91
OL001016,O00396,ART0002,1,2905,2905,799.04
OL001017,O00397,ART0022,3,3475,10425,715.26
OL001018,O00397,ART0027,3,10825,32475,6896.12
OL001019,O00397,ART0024,3,1211,3633,293.34
OL001020,O00398,ART0005,2,5507,11014,3183.6
OL001021,O00398,ART0025,3,4846,14538,931.8
OL001022,O00398,ART0013,4,6333,25332,8537.15
OL001023,O00398,ART0025,3,5740,17220,1138.94
OL001024,O00399,ART0010,5,16851,84255,25961.78
OL001025,O00399,ART0020,4,6186,24744,8003.35
OL001026,O00400,ART0023,2,3569,7138,736.84
OL001027,O00400,ART0006,1,4500,4500,459.62
